<?xml version="1.0" encoding="UTF-8" standalone="yes"?>
<ConsignmentDocument>
    <DocumentHeader>
        <DocumentReference>
            <DocumentType>CUSREG</DocumentType>
            <DocumentName>CONSIGNMENT DOCUMENT</DocumentName>
            <DocumentNumber>1016185236000</DocumentNumber>
            <CommonRefNumber>CD201700KEBSPVOC000002416501</CommonRefNumber>
            <MessageType>9</MessageType>
            <SenderID>eoga051</SenderID>
            <RegimeCode>C4</RegimeCode>
            <CMSRegimeCode>I</CMSRegimeCode>
            <ApprovalCategory>PRO</ApprovalCategory>
        </DocumentReference>
        <DocumentExchangeDetails>
            <ReceivingPartyDetails>
                <ReceivingParty>cust006</ReceivingParty>
            </ReceivingPartyDetails>
            <NotifyPartyDetails>
                <NotifyParty>NPM003</NotifyParty>
                <NotifyParty>NPM004</NotifyParty>
            </NotifyPartyDetails>
        </DocumentExchangeDetails>
    </DocumentHeader>
    <DocumentDetails>
        <ConsignmentDocDetails>
            <CDStandard>
                <ServiceProvider>
                    <ApplicationCode>CA</ApplicationCode>
                    <Name>ICMS CLEARING AGENT P051332767F</Name>
                    <TIN>P051332767F</TIN>
                    <PhysicalAddress>fFfffdDD</PhysicalAddress>
                    <PhyCountry>KE</PhyCountry>
                </ServiceProvider>
                <ApplicationTypeCode>CD</ApplicationTypeCode>
                <ApplicationTypeDescription>Consignment Document</ApplicationTypeDescription>
                <DocumentTypeCode>INR</DocumentTypeCode>
                <CMSDocumentTypeCode>R</CMSDocumentTypeCode>
                <DocumentTypeDescription>Inspection Report</DocumentTypeDescription>
                <ConsignmentTypeCode>C</ConsignmentTypeCode>
                <ConsignmentTypeDescription>Consignment</ConsignmentTypeDescription>
                <MDACode>KEBS</MDACode>
                <MDADescription>Kenya Bureau of Standards</MDADescription>
                <DocumentCode>PVOC</DocumentCode>
                <DocumentDescription>KEBS Inspection and Approval Document</DocumentDescription>
                <ProcessCode>PVOCPR</ProcessCode>
                <ProcessDescription>KEBS Inspection and Approval Process</ProcessDescription>
                <ApplicationDate>20171016</ApplicationDate>
                <UpdatedDate>201710161852</UpdatedDate>
                <ApprovalStatus>PC</ApprovalStatus>
                <ApprovalDate>20171016</ApprovalDate>
                <FinalApprovalDate>201710161852</FinalApprovalDate>
                <ApplicationRefNo>CD201700KEBSPVOC0000024165</ApplicationRefNo>
                <VersionNo>1</VersionNo>
                <UCRNumber>UCR201700047638</UCRNumber>
            </CDStandard>
            <CDImporter>
                <Name>uweidj</Name>
                <TIN>P051332767F</TIN>
                <PhysicalAddress>ppppp
					 arcade</PhysicalAddress>
                <PhyCountry>KE</PhyCountry>
                <PostalAddress>ppppp
					 arcade</PostalAddress>
                <PosCountry>KE</PosCountry>
                <TeleFax>2</TeleFax>
                <Email>BNGUMI@KENTRADE.GO.KE</Email>
            </CDImporter>
            <CDConsignee>
                <Name>uweidj</Name>
                <TIN>P051332767F</TIN>
                <PhysicalAddress>ppppp
					 arcade</PhysicalAddress>
                <PhyCountry>KE</PhyCountry>
                <PostalAddress>ppppp
					 arcade</PostalAddress>
                <PosCountry>KE</PosCountry>
                <TeleFax>2</TeleFax>
                <Email>BNGUMI@KENTRADE.GO.KE</Email>
            </CDConsignee>
            <CDExporter>
                <Name>uweidj</Name>
                <TIN>P051332767F</TIN>
                <PhysicalAddress>ppppp
					 arcade</PhysicalAddress>
                <PhyCountry>KE</PhyCountry>
                <PostalAddress>ppppp
					 arcade</PostalAddress>
                <PosCountry>KE</PosCountry>
                <TeleFax>2</TeleFax>
                <Email>BNGUMI@KENTRADE.GO.KE</Email>
                <SectorofActivity>MFG</SectorofActivity>
            </CDExporter>
            <CDConsignor>
                <Name>uweidj</Name>
                <TIN>P051332767F</TIN>
                <PhysicalAddress>ppppp
					 arcade</PhysicalAddress>
                <PhyCountry>KE</PhyCountry>
                <PostalAddress>ppppp
					 arcade</PostalAddress>
                <PosCountry>KE</PosCountry>
                <TeleFax>2</TeleFax>
                <Email>BNGUMI@KENTRADE.GO.KE</Email>
                <SectorofActivity>MFG</SectorofActivity>
            </CDConsignor>
            <CDTransport>
                <ModeOfTransport>R</ModeOfTransport>
                <ModeOfTransportDesc>Road</ModeOfTransportDesc>
                <PortOfArrival>KEMBA</PortOfArrival>
                <PortOfArrivalDesc>Mombasa</PortOfArrivalDesc>
                <CustomsOffice>ACH</CustomsOffice>
                <CustomsOfficeDesc>ACHL</CustomsOfficeDesc>
                <FreightStation>CPC</FreightStation>
                <FreightStationDesc>CPC FREIGHT SERVICES</FreightStationDesc>
                <CargoTypeIndicator>B</CargoTypeIndicator>
            </CDTransport>
            <PGAHeaderFields/>
            <CDHeaderOne>
                <ForeignCurrencyCode>USD</ForeignCurrencyCode>
                <ForexRate>103.199</ForexRate>
                <FOBFCY>32471.62</FOBFCY>
                <FreightFCY>0.00</FreightFCY>
                <InsuranceFCY>0.00</InsuranceFCY>
                <OtherChargesFCY>0.00</OtherChargesFCY>
                <CIFFCY>32471.62</CIFFCY>
                <FOBNCY>3351038.71</FOBNCY>
                <FreightNCY>0.00</FreightNCY>
                <InsuranceNCY>0.00</InsuranceNCY>
                <OtherChargesNCY>0.00</OtherChargesNCY>
                <CIFNCY>3351038.71</CIFNCY>
                <INCOTerms>FCA</INCOTerms>
                <COMESA>N</COMESA>
                <InvoiceDate>20171001</InvoiceDate>
                <InvoiceNumber>9</InvoiceNumber>
                <CountryOfSupply>BB</CountryOfSupply>
            </CDHeaderOne>
            <CDStandardTwo>
                <PurposeOfImport>B</PurposeOfImport>
                <ApplicantDefinedThirdPartyDetails>
                    <ThirdParties>
                        <ThirdPartyCode>rmutisoTP</ThirdPartyCode>
                        <ThirdPartyDescription>Rachael Third Party Account</ThirdPartyDescription>
                        <DistributionMethod>U</DistributionMethod>
                        <ThirdPartyAccount>rmutisotp2</ThirdPartyAccount>
                    </ThirdParties>
                </ApplicantDefinedThirdPartyDetails>
                <Attachments>
                    <AttachDocumentCode>AIDF</AttachDocumentCode>
                    <AttachDocumentCodeDesc>Approved IDF</AttachDocumentCodeDesc>
                    <AttachDocumentRefNo>9</AttachDocumentRefNo>
                    <AttachDocumentInternalRefNo>CD201700KEBSPVOC0000024165_1_9_5491.pdf</AttachDocumentInternalRefNo>
                </Attachments>
            </CDStandardTwo>
            <CDProductDetails>
                <ItemDetails>
                    <ItemCount>2</ItemCount>
                    <CDProduct1>
                        <ItemNo>1</ItemNo>
                        <ItemDescription>LIQUOR</ItemDescription>
                        <ItemHSCode>22087000</ItemHSCode>
                        <HSDescription>iCMS test</HSDescription>
                        <Quantity>
                            <Qty>100000.0000</Qty>
                            <UnitOfQty>LTR</UnitOfQty>
                        </Quantity>
                        <PackageType>LTR</PackageType>
                        <PackageQty>100000.00</PackageQty>
                        <ForeignCurrencyCode>USD</ForeignCurrencyCode>
                        <UnitPriceFCY>0.00</UnitPriceFCY>
                        <TotalPriceFCY>26186.79</TotalPriceFCY>
                        <UnitPriceNCY>0.00</UnitPriceNCY>
                        <CountryOfOrigin>AR</CountryOfOrigin>
                        <TotalPriceNCY>0.00</TotalPriceNCY>
                        <ItemNetWeight>250.0000</ItemNetWeight>
                        <ItemGrossWeight>250.0000</ItemGrossWeight>
                    </CDProduct1>
                    <CDItemNonStandard/>
                </ItemDetails>
                <ItemDetails>
                    <ItemCount>2</ItemCount>
                    <CDProduct1>
                        <ItemNo>2</ItemNo>
                        <ItemDescription>PIG FAT</ItemDescription>
                        <ItemHSCode>15010000</ItemHSCode>
                        <HSDescription>icms</HSDescription>
                        <Quantity>
                            <Qty>6.0000</Qty>
                            <UnitOfQty>KGM</UnitOfQty>
                        </Quantity>
                        <PackageType>KGM</PackageType>
                        <PackageQty>6.00</PackageQty>
                        <ForeignCurrencyCode>USD</ForeignCurrencyCode>
                        <UnitPriceFCY>0.00</UnitPriceFCY>
                        <TotalPriceFCY>6284.83</TotalPriceFCY>
                        <UnitPriceNCY>0.00</UnitPriceNCY>
                        <CountryOfOrigin>AR</CountryOfOrigin>
                        <TotalPriceNCY>0.00</TotalPriceNCY>
                        <ItemNetWeight>30.0000</ItemNetWeight>
                        <ItemGrossWeight>30.0000</ItemGrossWeight>
                    </CDProduct1>
                    <CDItemNonStandard/>
                </ItemDetails>
            </CDProductDetails>
        </ConsignmentDocDetails>
    </DocumentDetails>
    <DocumentSummary>
        <IssuedDateTime>16102017185009</IssuedDateTime>
        <SummaryPageUrl>https://trial.kenyatradenet.go.ke/keswsoga/SummaryPage.mda?ucr=UCR201700047638</SummaryPageUrl>
    </DocumentSummary>
</ConsignmentDocument>
