<?xml version="1.0" encoding="UTF-8"?>
<metadata modelVersion="1.1.0">
  <groupId>org.vaadin.spring</groupId>
  <artifactId>parent-pom</artifactId>
  <version>0.0.8-SNAPSHOT</version>
  <versioning>
    <snapshot>
      <localCopy>true</localCopy>
    </snapshot>
    <lastUpdated>20180511163356</lastUpdated>
    <snapshotVersions>
      <snapshotVersion>
        <extension>pom</extension>
        <value>0.0.8-SNAPSHOT</value>
        <updated>20180511163356</updated>
      </snapshotVersion>
    </snapshotVersions>
  </versioning>
</metadata>
