<?xml version="1.0" encoding="UTF-8"?>
<metadata modelVersion="1.1.0">
  <groupId>org.vaadin.spring</groupId>
  <artifactId>parent-pom</artifactId>
  <version>0.0.8-SNAPSHOT</version>
  <versioning>
    <snapshot>
      <timestamp>20160314.121852</timestamp>
      <buildNumber>3</buildNumber>
    </snapshot>
    <lastUpdated>20160314121852</lastUpdated>
    <snapshotVersions>
      <snapshotVersion>
        <extension>pom</extension>
        <value>0.0.8-20160314.121852-3</value>
        <updated>20160314121852</updated>
      </snapshotVersion>
    </snapshotVersions>
  </versioning>
</metadata>
