<?xml version="1.0" encoding="UTF-8"?>
<metadata modelVersion="1.1.0">
  <groupId>org.vaadin.spring.extensions</groupId>
  <artifactId>vaadin-spring-ext-boot</artifactId>
  <version>2.0.1-SNAPSHOT</version>
  <versioning>
    <snapshot>
      <localCopy>true</localCopy>
    </snapshot>
    <lastUpdated>20180715213220</lastUpdated>
    <snapshotVersions>
      <snapshotVersion>
        <classifier>sources</classifier>
        <extension>jar</extension>
        <value>2.0.1-SNAPSHOT</value>
        <updated>20180715213220</updated>
      </snapshotVersion>
      <snapshotVersion>
        <extension>jar</extension>
        <value>2.0.1-SNAPSHOT</value>
        <updated>20180715213220</updated>
      </snapshotVersion>
      <snapshotVersion>
        <extension>pom</extension>
        <value>2.0.1-SNAPSHOT</value>
        <updated>20180715213220</updated>
      </snapshotVersion>
    </snapshotVersions>
  </versioning>
</metadata>
