<?xml version="1.0" encoding="UTF-8"?>
<metadata modelVersion="1.1.0">
  <groupId>org.vaadin.spring.extensions</groupId>
  <artifactId>vaadin-spring-ext-security</artifactId>
  <version>0.0.8-SNAPSHOT</version>
  <versioning>
    <snapshot>
      <timestamp>20160314.121917</timestamp>
      <buildNumber>3</buildNumber>
    </snapshot>
    <lastUpdated>20160314121917</lastUpdated>
    <snapshotVersions>
      <snapshotVersion>
        <extension>jar</extension>
        <value>0.0.8-20160314.121917-3</value>
        <updated>20160314121917</updated>
      </snapshotVersion>
      <snapshotVersion>
        <extension>pom</extension>
        <value>0.0.8-20160314.121917-3</value>
        <updated>20160314121917</updated>
      </snapshotVersion>
      <snapshotVersion>
        <classifier>sources</classifier>
        <extension>jar</extension>
        <value>0.0.8-20160314.121917-3</value>
        <updated>20160314121917</updated>
      </snapshotVersion>
    </snapshotVersions>
  </versioning>
</metadata>
