<?xml version="1.0" encoding="UTF-8"?>
<metadata modelVersion="1.1.0">
  <groupId>org.vaadin.spring</groupId>
  <artifactId>parent-pom</artifactId>
  <version>2.0.1-SNAPSHOT</version>
  <versioning>
    <snapshot>
      <localCopy>true</localCopy>
    </snapshot>
    <lastUpdated>20180715213143</lastUpdated>
    <snapshotVersions>
      <snapshotVersion>
        <extension>pom</extension>
        <value>2.0.1-SNAPSHOT</value>
        <updated>20180715213143</updated>
      </snapshotVersion>
    </snapshotVersions>
  </versioning>
</metadata>
