<?xml version="1.0" encoding="UTF-8"?>
<metadata modelVersion="1.1.0">
  <groupId>org.vaadin.spring.addons</groupId>
  <artifactId>vaadin-spring-addon-simple-mvp</artifactId>
  <version>0.0.8-SNAPSHOT</version>
  <versioning>
    <snapshot>
      <localCopy>true</localCopy>
    </snapshot>
    <lastUpdated>20180215172317</lastUpdated>
    <snapshotVersions>
      <snapshotVersion>
        <classifier>sources</classifier>
        <extension>jar</extension>
        <value>0.0.8-SNAPSHOT</value>
        <updated>20180215172317</updated>
      </snapshotVersion>
      <snapshotVersion>
        <extension>jar</extension>
        <value>0.0.8-SNAPSHOT</value>
        <updated>20180215172317</updated>
      </snapshotVersion>
      <snapshotVersion>
        <extension>pom</extension>
        <value>0.0.8-SNAPSHOT</value>
        <updated>20180215172317</updated>
      </snapshotVersion>
    </snapshotVersions>
  </versioning>
</metadata>
