<?xml version="1.0" encoding="UTF-8" standalone="yes"?>
<ConsignmentDocument>
    <DocumentHeader>
        <DocumentReference>
            <DocumentType>CUSREG</DocumentType>
            <DocumentName>CONSIGNMENT DOCUMENT</DocumentName>
            <DocumentNumber>0928125331000</DocumentNumber>
            <CommonRefNumber>CD201700KEBSPVOC000002401001</CommonRefNumber>
            <MessageType>9</MessageType>
            <SenderID>eoga051</SenderID>
            <RegimeCode>C4</RegimeCode>
            <CMSRegimeCode>I</CMSRegimeCode>
            <ApprovalCategory>PRO</ApprovalCategory>
        </DocumentReference>
        <DocumentExchangeDetails>
            <ReceivingPartyDetails>
                <ReceivingParty>cust006</ReceivingParty>
            </ReceivingPartyDetails>
            <NotifyPartyDetails>
                <NotifyParty>NPM003</NotifyParty>
                <NotifyParty>NPM004</NotifyParty>
            </NotifyPartyDetails>
        </DocumentExchangeDetails>
    </DocumentHeader>
    <DocumentDetails>
        <ConsignmentDocDetails>
            <CDStandard>
                <ServiceProvider>
                    <ApplicationCode>RYC</ApplicationCode>
                    <Name>RYCE E AFRICA LTD</Name>
                    <TIN>P000591376W</TIN>
                    <PhysicalAddress>49729 NAIROBI</PhysicalAddress>
                    <PhyCountry>KE</PhyCountry>
                </ServiceProvider>
                <ApplicationTypeCode>CD</ApplicationTypeCode>
                <ApplicationTypeDescription>Consignment Document</ApplicationTypeDescription>
                <DocumentTypeCode>INR</DocumentTypeCode>
                <CMSDocumentTypeCode>R</CMSDocumentTypeCode>
                <DocumentTypeDescription>Inspection Report</DocumentTypeDescription>
                <ConsignmentTypeCode>C</ConsignmentTypeCode>
                <ConsignmentTypeDescription>Consignment</ConsignmentTypeDescription>
                <MDACode>KEBS</MDACode>
                <MDADescription>Kenya Bureau of Standards</MDADescription>
                <DocumentCode>PVOC</DocumentCode>
                <DocumentDescription>KEBS Inspection and Approval Document</DocumentDescription>
                <ProcessCode>PVOCPR</ProcessCode>
                <ProcessDescription>KEBS Inspection and Approval Process</ProcessDescription>
                <ApplicationDate>20170928</ApplicationDate>
                <UpdatedDate>201709281253</UpdatedDate>
                <ApprovalStatus>PP - Processing Fee Payment Due</ApprovalStatus>
                <ApprovalDate>20170928</ApprovalDate>
                <FinalApprovalDate>201709281253</FinalApprovalDate>
                <ApplicationRefNo>CD201700KEBSPVOC0000024010</ApplicationRefNo>
                <VersionNo>1</VersionNo>
                <UCRNumber>UCR201700047116</UCRNumber>
            </CDStandard>
            <CDImporter>
                <Name>RYCE SERVICES LIMITED</Name>
                <TIN>P000594621R</TIN>
                <PhysicalAddress>49729, NAIROBI</PhysicalAddress>
                <PhyCountry>JO</PhyCountry>
                <PostalAddress>49729, NAIROBI</PostalAddress>
                <PosCountry>JO</PosCountry>
                <TeleFax>445676888</TeleFax>
                <Email>PROMO@YAHOO.COM</Email>
            </CDImporter>
            <CDConsignee>
                <Name>RYCE SERVICES LIMITED</Name>
                <TIN>P000594621R</TIN>
                <PhysicalAddress>49729, NAIROBI</PhysicalAddress>
                <PhyCountry>JO</PhyCountry>
                <PostalAddress>49729, NAIROBI</PostalAddress>
                <PosCountry>JO</PosCountry>
                <TeleFax>445676888</TeleFax>
                <Email>PROMO@YAHOO.COM</Email>
            </CDConsignee>
            <CDExporter>
                <Name>TRADER</Name>
                <TIN>P000000000N</TIN>
                <PhysicalAddress>NAIROBI KENYA</PhysicalAddress>
                <PhyCountry>KE</PhyCountry>
                <PostalAddress>NAIROBI KENYA</PostalAddress>
                <PosCountry>KE</PosCountry>
                <TeleFax>0887766666</TeleFax>
                <Email>phawm@yagoo.kom</Email>
                <SectorofActivity>RET</SectorofActivity>
            </CDExporter>
            <CDConsignor>
                <Name>TRADER</Name>
                <TIN>P000000000N</TIN>
                <PhysicalAddress>NAIROBI KENYA</PhysicalAddress>
                <PhyCountry>KE</PhyCountry>
                <PostalAddress>NAIROBI KENYA</PostalAddress>
                <PosCountry>KE</PosCountry>
                <TeleFax>0887766666</TeleFax>
                <Email>phawm@yagoo.kom</Email>
            </CDConsignor>
            <CDTransport>
                <ModeOfTransport>S</ModeOfTransport>
                <ModeOfTransportDesc>Sea</ModeOfTransportDesc>
                <BLAWB>456788766</BLAWB>
                <PortOfArrival>KEMBA</PortOfArrival>
                <PortOfArrivalDesc>Mombasa</PortOfArrivalDesc>
                <CustomsOffice>MCT</CustomsOffice>
                <CustomsOfficeDesc>MOMBASA CONTAINER TERMINAL</CustomsOfficeDesc>
                <FreightStation>MTC</FreightStation>
                <FreightStationDesc>MOMBASA INLAND CONTAINER TERMINAL</FreightStationDesc>
                <CargoTypeIndicator>B</CargoTypeIndicator>
            </CDTransport>
            <PGAHeaderFields/>
            <CDHeaderOne>
                <ForeignCurrencyCode>USD</ForeignCurrencyCode>
                <ForexRate>100.954</ForexRate>
                <FOBFCY>2324555.00</FOBFCY>
                <FreightFCY>0.00</FreightFCY>
                <InsuranceFCY>0.00</InsuranceFCY>
                <OtherChargesFCY>0.00</OtherChargesFCY>
                <CIFFCY>2324555.00</CIFFCY>
                <FOBNCY>234673125.47</FOBNCY>
                <FreightNCY>0.00</FreightNCY>
                <InsuranceNCY>0.00</InsuranceNCY>
                <OtherChargesNCY>0.00</OtherChargesNCY>
                <CIFNCY>234673125.47</CIFNCY>
                <INCOTerms>CIF</INCOTerms>
                <TransactionTerms>8</TransactionTerms>
                <COMESA>N</COMESA>
                <InvoiceDate>20170926</InvoiceDate>
                <InvoiceNumber>4567890</InvoiceNumber>
                <CountryOfSupply>JO</CountryOfSupply>
            </CDHeaderOne>
            <CDStandardTwo>
                <PurposeOfImport>PURPSE2</PurposeOfImport>
                <ApplicantDefinedThirdPartyDetails>
                    <ThirdParties>
                        <ThirdPartyCode>rmutisoTP</ThirdPartyCode>
                        <ThirdPartyDescription>Rachael Third Party Account</ThirdPartyDescription>
                        <DistributionMethod>U</DistributionMethod>
                        <ThirdPartyAccount>rmutisotp2</ThirdPartyAccount>
                    </ThirdParties>
                </ApplicantDefinedThirdPartyDetails>
                <Attachments>
                    <AttachDocumentCode>AIDF</AttachDocumentCode>
                    <AttachDocumentCodeDesc>Approved IDF</AttachDocumentCodeDesc>
                    <AttachDocumentRefNo>777777777</AttachDocumentRefNo>
                    <AttachDocumentInternalRefNo>CD201700KEBSPVOC0000024010_1_777777777_5320.pdf</AttachDocumentInternalRefNo>
                </Attachments>
                <Attachments>
                    <AttachDocumentCode>IDF</AttachDocumentCode>
                    <AttachDocumentCodeDesc>Import Declaration Form</AttachDocumentCodeDesc>
                    <AttachDocumentRefNo>44444444444</AttachDocumentRefNo>
                    <AttachDocumentInternalRefNo>CD201700KEBSPVOC0000024010_1_44444444444_5319.pdf</AttachDocumentInternalRefNo>
                </Attachments>
                <Attachments>
                    <AttachDocumentCode>INV</AttachDocumentCode>
                    <AttachDocumentCodeDesc>Invoice</AttachDocumentCodeDesc>
                    <AttachDocumentRefNo>456788766</AttachDocumentRefNo>
                    <AttachDocumentInternalRefNo>CD201700KEBSPVOC0000024010_1_456788766_5311.pdf</AttachDocumentInternalRefNo>
                </Attachments>
            </CDStandardTwo>
            <CDProductDetails>
                <ItemDetails>
                    <ItemCount>1</ItemCount>
                    <CDProduct1>
                        <ItemNo>1</ItemNo>
                        <ItemDescription>CARS</ItemDescription>
                        <ItemHSCode>8703100010</ItemHSCode>
                        <HSDescription>Vehicles specially designed for snow;golf cars  similar vehicles</HSDescription>
                        <Quantity>
                            <Qty>500.0000</Qty>
                            <UnitOfQty>KG</UnitOfQty>
                        </Quantity>
                        <PackageType>CR</PackageType>
                        <PackageQty>500.00</PackageQty>
                        <ForeignCurrencyCode>USD</ForeignCurrencyCode>
                        <UnitPriceFCY>4649.11</UnitPriceFCY>
                        <TotalPriceFCY>2324555.00</TotalPriceFCY>
                        <UnitPriceNCY>469346.26</UnitPriceNCY>
                        <CountryOfOrigin>JO</CountryOfOrigin>
                        <TotalPriceNCY>234673125.47</TotalPriceNCY>
                        <ItemNetWeight>80974839.0000</ItemNetWeight>
                        <ItemGrossWeight>89934567.0000</ItemGrossWeight>
                    </CDProduct1>
                    <CDProduct2>
                        <ApplicantRemarks>NEW</ApplicantRemarks>
                    </CDProduct2>
                    <CDItemNonStandard>
                        <ChassisNo>WXGBG600000067</ChassisNo>
                        <usedIndicator>New</usedIndicator>
                        <vehicleYear>2017</vehicleYear>
                        <vehicleModel>14-Focus</vehicleModel>
                        <vehicleMake>12-Ford</vehicleMake>
                    </CDItemNonStandard>
                </ItemDetails>
            </CDProductDetails>
        </ConsignmentDocDetails>
    </DocumentDetails>
    <DocumentSummary>
        <IssuedDateTime>28092017125100</IssuedDateTime>
        <SummaryPageUrl>https://trial.kenyatradenet.go.ke/keswsoga/SummaryPage.mda?ucr=UCR201700047116</SummaryPageUrl>
    </DocumentSummary>
</ConsignmentDocument>
