<?xml version="1.0" encoding="UTF-8" standalone="yes"?>
<ConsignmentDocument>
    <DocumentHeader>
        <DocumentReference>
            <DocumentType>CUSREG</DocumentType>
            <DocumentName>CONSIGNMENT DOCUMENT</DocumentName>
            <DocumentNumber>1228161855000</DocumentNumber>
            <CommonRefNumber>CD201700KEBSPVOC000002438401</CommonRefNumber>
            <MessageType>9</MessageType>
            <SenderID>eoga051</SenderID>
            <RegimeCode>C4</RegimeCode>
            <CMSRegimeCode>I</CMSRegimeCode>
            <ApprovalCategory>PRO</ApprovalCategory>
        </DocumentReference>
        <DocumentExchangeDetails>
            <ReceivingPartyDetails>
                <ReceivingParty>cust006</ReceivingParty>
            </ReceivingPartyDetails>
            <NotifyPartyDetails>
                <NotifyParty>NPM003</NotifyParty>
                <NotifyParty>NPM004</NotifyParty>
            </NotifyPartyDetails>
        </DocumentExchangeDetails>
    </DocumentHeader>
    <DocumentDetails>
        <ConsignmentDocDetails>
            <CDStandard>
                <ServiceProvider>
                    <ApplicationCode>RYC</ApplicationCode>
                    <Name>RYCE E AFRICA LTD</Name>
                    <TIN>P000591376W</TIN>
                    <PhysicalAddress>49729 NAIROBI</PhysicalAddress>
                    <PhyCountry>KE</PhyCountry>
                </ServiceProvider>
                <ApplicationTypeCode>CD</ApplicationTypeCode>
                <ApplicationTypeDescription>Consignment Document</ApplicationTypeDescription>
                <DocumentTypeCode>INR</DocumentTypeCode>
                <CMSDocumentTypeCode>R</CMSDocumentTypeCode>
                <DocumentTypeDescription>Inspection Report</DocumentTypeDescription>
                <ConsignmentTypeCode>C</ConsignmentTypeCode>
                <ConsignmentTypeDescription>Consignment</ConsignmentTypeDescription>
                <MDACode>KEBS</MDACode>
                <MDADescription>Kenya Bureau of Standards</MDADescription>
                <DocumentCode>PVOC</DocumentCode>
                <DocumentDescription>KEBS Inspection and Approval Document</DocumentDescription>
                <ProcessCode>PVOCPR</ProcessCode>
                <ProcessDescription>KEBS Inspection and Approval Process</ProcessDescription>
                <ApplicationDate>20171228</ApplicationDate>
                <UpdatedDate>201712281618</UpdatedDate>
                <ApprovalStatus>PC</ApprovalStatus>
                <ApprovalDate>20171228</ApprovalDate>
                <FinalApprovalDate>201712281619</FinalApprovalDate>
                <ApplicationRefNo>CD201700KEBSPVOC0000024384</ApplicationRefNo>
                <VersionNo>1</VersionNo>
                <UCRNumber>UCR201700048966</UCRNumber>
            </CDStandard>
            <CDImporter>
                <Name>RYCE E AFRICA LTD</Name>
                <TIN>P000591376W</TIN>
                <PhysicalAddress>49729 NAIROBI</PhysicalAddress>
                <PhyCountry>KE</PhyCountry>
                <PostalAddress>49729 NAIROBI</PostalAddress>
                <PosCountry>KE</PosCountry>
                <TeleFax>0</TeleFax>
                <Email>bngumi@kentrade.go.ke</Email>
                <SectorofActivity>MFG</SectorofActivity>
                <WarehouseCode>AFRICOFF</WarehouseCode>
                <WarehouseLocation>NBI</WarehouseLocation>
            </CDImporter>
            <CDConsignee>
                <Name>RYCE E AFRICA LTD</Name>
                <TIN>P000591376W</TIN>
                <PhysicalAddress>49729 NAIROBI</PhysicalAddress>
                <PhyCountry>KE</PhyCountry>
                <PostalAddress>49729 NAIROBI</PostalAddress>
                <PosCountry>KE</PosCountry>
                <TeleFax>0</TeleFax>
                <Email>bngumi@kentrade.go.ke</Email>
                <SectorofActivity>MFG</SectorofActivity>
                <WarehouseCode>AFRICOFF</WarehouseCode>
                <WarehouseLocation>NBI</WarehouseLocation>
            </CDConsignee>
            <CDExporter>
                <Name>RYCE E AFRICA LTD</Name>
                <TIN>P000591376W</TIN>
                <PhysicalAddress>49729 NAIROBI</PhysicalAddress>
                <PhyCountry>KE</PhyCountry>
                <PostalAddress>49729 NAIROBI</PostalAddress>
                <PosCountry>KE</PosCountry>
                <TeleFax>0</TeleFax>
                <Email>bngumi@kentrade.go.ke</Email>
                <SectorofActivity>MFG</SectorofActivity>
                <WarehouseCode>AFRICOFF</WarehouseCode>
                <WarehouseLocation>NBI</WarehouseLocation>
            </CDExporter>
            <CDConsignor>
                <Name>RYCE E AFRICA LTD</Name>
                <TIN>P000591376W</TIN>
                <PhysicalAddress>49729 NAIROBI</PhysicalAddress>
                <PhyCountry>KE</PhyCountry>
                <PostalAddress>49729 NAIROBI</PostalAddress>
                <PosCountry>KE</PosCountry>
                <TeleFax>0</TeleFax>
                <Email>bngumi@kentrade.go.ke</Email>
                <SectorofActivity>MFG</SectorofActivity>
                <WarehouseCode>AFRICOFF</WarehouseCode>
                <WarehouseLocation>NBI</WarehouseLocation>
            </CDConsignor>
            <CDTransport>
                <ModeOfTransport>S</ModeOfTransport>
                <ModeOfTransportDesc>Sea</ModeOfTransportDesc>
                <ShipmentDate>20171231</ShipmentDate>
                <PortOfArrival>KEMBA</PortOfArrival>
                <PortOfArrivalDesc>Mombasa</PortOfArrivalDesc>
                <CustomsOffice>ADY</CustomsOffice>
                <CustomsOfficeDesc>ANDY FORWARDERS</CustomsOfficeDesc>
                <FreightStation>BP2</FreightStation>
                <FreightStationDesc>MITCHELL COTTS SHIPPING CFS</FreightStationDesc>
                <CargoTypeIndicator>B</CargoTypeIndicator>
            </CDTransport>
            <PGAHeaderFields/>
            <CDHeaderOne>
                <ForeignCurrencyCode>USD</ForeignCurrencyCode>
                <ForexRate>103.199</ForexRate>
                <FOBFCY>3000.00</FOBFCY>
                <FreightFCY>0.00</FreightFCY>
                <InsuranceFCY>0.00</InsuranceFCY>
                <OtherChargesFCY>0.00</OtherChargesFCY>
                <CIFFCY>3000.00</CIFFCY>
                <FOBNCY>309597.00</FOBNCY>
                <FreightNCY>0.00</FreightNCY>
                <InsuranceNCY>0.00</InsuranceNCY>
                <OtherChargesNCY>0.00</OtherChargesNCY>
                <CIFNCY>309597.00</CIFNCY>
                <INCOTerms>CIF</INCOTerms>
                <COMESA>N</COMESA>
                <InvoiceDate>20171205</InvoiceDate>
                <InvoiceNumber>2656565</InvoiceNumber>
                <CountryOfSupply>CN</CountryOfSupply>
            </CDHeaderOne>
            <CDStandardTwo>
                <PurposeOfImport>PURPSE1</PurposeOfImport>
                <ApplicantDefinedThirdPartyDetails>
                    <ThirdParties>
                        <ThirdPartyCode>rmutisoTP</ThirdPartyCode>
                        <ThirdPartyDescription>Rachael Third Party Account</ThirdPartyDescription>
                        <DistributionMethod>U</DistributionMethod>
                        <ThirdPartyAccount>rmutisotp2</ThirdPartyAccount>
                    </ThirdParties>
                </ApplicantDefinedThirdPartyDetails>
                <Attachments>
                    <AttachDocumentCode>AIDF</AttachDocumentCode>
                    <AttachDocumentCodeDesc>Approved IDF</AttachDocumentCodeDesc>
                    <AttachDocumentRefNo>136546565</AttachDocumentRefNo>
                    <AttachDocumentInternalRefNo>CD201700KEBSPVOC0000024384_1_136546565_5864.pdf</AttachDocumentInternalRefNo>
                </Attachments>
            </CDStandardTwo>
            <CDProductDetails>
                <ItemDetails>
                    <ItemCount>1</ItemCount>
                    <CDProduct1>
                        <ItemNo>1</ItemNo>
                        <ItemDescription>general goods</ItemDescription>
                        <ItemHSCode>1511109010</ItemHSCode>
                        <HSDescription>Palm oil, For the food industry,other</HSDescription>
                        <Quantity>
                            <Qty>300.0000</Qty>
                            <UnitOfQty>KG</UnitOfQty>
                        </Quantity>
                        <SupplementryQuantity>
                            <Qty>300.0000</Qty>
                            <UnitOfQty>KG</UnitOfQty>
                        </SupplementryQuantity>
                        <PackageType>BX</PackageType>
                        <PackageQty>300.00</PackageQty>
                        <ForeignCurrencyCode>USD</ForeignCurrencyCode>
                        <UnitPriceFCY>10.00</UnitPriceFCY>
                        <TotalPriceFCY>3000.00</TotalPriceFCY>
                        <UnitPriceNCY>1031.99</UnitPriceNCY>
                        <CountryOfOrigin>CN</CountryOfOrigin>
                        <TotalPriceNCY>309597.00</TotalPriceNCY>
                        <ItemNetWeight>200.0000</ItemNetWeight>
                        <ItemGrossWeight>300.0000</ItemGrossWeight>
                    </CDProduct1>
                    <CDProduct2>
                        <ApplicantRemarks>oil</ApplicantRemarks>
                    </CDProduct2>
                    <CDItemNonStandard/>
                </ItemDetails>
            </CDProductDetails>
        </ConsignmentDocDetails>
    </DocumentDetails>
    <DocumentSummary>
        <IssuedDateTime>28122017162016</IssuedDateTime>
        <SummaryPageUrl>https://trial.kenyatradenet.go.ke/keswsoga/SummaryPage.mda?ucr=UCR201700048966</SummaryPageUrl>
    </DocumentSummary>
</ConsignmentDocument>
