<?xml version="1.0" encoding="UTF-8" standalone="yes"?>
<ConsignmentDocument>
    <DocumentHeader>
        <DocumentReference>
            <DocumentType>CUSREG</DocumentType>
            <DocumentName>CONSIGNMENT DOCUMENT</DocumentName>
            <DocumentNumber>1016163454000</DocumentNumber>
            <CommonRefNumber>CD201700KEBSPVOC000002415701</CommonRefNumber>
            <MessageType>9</MessageType>
            <SenderID>eoga051</SenderID>
            <RegimeCode>C4</RegimeCode>
            <CMSRegimeCode>I</CMSRegimeCode>
            <ApprovalCategory>PRO</ApprovalCategory>
        </DocumentReference>
        <DocumentExchangeDetails>
            <ReceivingPartyDetails>
                <ReceivingParty>cust006</ReceivingParty>
            </ReceivingPartyDetails>
            <NotifyPartyDetails>
                <NotifyParty>NPM003</NotifyParty>
                <NotifyParty>NPM004</NotifyParty>
            </NotifyPartyDetails>
        </DocumentExchangeDetails>
    </DocumentHeader>
    <DocumentDetails>
        <ConsignmentDocDetails>
            <CDStandard>
                <ServiceProvider>
                    <ApplicationCode>CA</ApplicationCode>
                    <Name>ICMS CLEARING AGENT P051332767F</Name>
                    <TIN>P051332767F</TIN>
                    <PhysicalAddress>fFfffdDD</PhysicalAddress>
                    <PhyCountry>KE</PhyCountry>
                </ServiceProvider>
                <ApplicationTypeCode>CD</ApplicationTypeCode>
                <ApplicationTypeDescription>Consignment Document</ApplicationTypeDescription>
                <DocumentTypeCode>INR</DocumentTypeCode>
                <CMSDocumentTypeCode>R</CMSDocumentTypeCode>
                <DocumentTypeDescription>Inspection Report</DocumentTypeDescription>
                <ConsignmentTypeCode>C</ConsignmentTypeCode>
                <ConsignmentTypeDescription>Consignment</ConsignmentTypeDescription>
                <MDACode>KEBS</MDACode>
                <MDADescription>Kenya Bureau of Standards</MDADescription>
                <DocumentCode>PVOC</DocumentCode>
                <DocumentDescription>KEBS Inspection and Approval Document</DocumentDescription>
                <ProcessCode>PVOCPR</ProcessCode>
                <ProcessDescription>KEBS Inspection and Approval Process</ProcessDescription>
                <ApplicationDate>20171016</ApplicationDate>
                <UpdatedDate>201710161634</UpdatedDate>
                <ApprovalStatus>PP - Processing Fee Payment Due</ApprovalStatus>
                <ApprovalDate>20171016</ApprovalDate>
                <FinalApprovalDate>201710161634</FinalApprovalDate>
                <ApplicationRefNo>CD201700KEBSPVOC0000024157</ApplicationRefNo>
                <VersionNo>1</VersionNo>
                <UCRNumber>UCR201700047635</UCRNumber>
            </CDStandard>
            <CDImporter>
                <Name>PROPOSAL AGENCIES</Name>
                <TIN>P051435941F</TIN>
                <PhysicalAddress>45 00200, NAIROBI</PhysicalAddress>
                <PhyCountry>KE</PhyCountry>
                <PostalAddress>45 00200, NAIROBI</PostalAddress>
                <PosCountry>KE</PosCountry>
                <TeleFax>553859</TeleFax>
                <Email>jose04@yahoo.com</Email>
            </CDImporter>
            <CDConsignee>
                <Name>PROPOSAL AGENCIES</Name>
                <TIN>P051435941F</TIN>
                <PhysicalAddress>45 00200, NAIROBI</PhysicalAddress>
                <PhyCountry>KE</PhyCountry>
                <PostalAddress>45 00200, NAIROBI</PostalAddress>
                <PosCountry>KE</PosCountry>
                <TeleFax>553859</TeleFax>
                <Email>jose04@yahoo.com</Email>
                <SectorofActivity>RET</SectorofActivity>
                <WarehouseCode>BELD92</WarehouseCode>
                <WarehouseLocation>ELD</WarehouseLocation>
            </CDConsignee>
            <CDExporter>
                <Name>TRADER</Name>
                <TIN>P000000000N</TIN>
                <PhysicalAddress>NAIROBI KENYA</PhysicalAddress>
                <PhyCountry>KE</PhyCountry>
                <PostalAddress>NAIROBI KENYA</PostalAddress>
                <PosCountry>KE</PosCountry>
                <TeleFax>0086-571-28931399</TeleFax>
                <Email>anningtex@hotmail.com</Email>
                <SectorofActivity>MFG</SectorofActivity>
                <WarehouseCode>BJKA236</WarehouseCode>
                <WarehouseLocation>JKA</WarehouseLocation>
            </CDExporter>
            <CDConsignor>
                <Name>TRADER</Name>
                <TIN>P000000000N</TIN>
                <PhysicalAddress>NAIROBI KENYA</PhysicalAddress>
                <PhyCountry>KE</PhyCountry>
                <PostalAddress>NAIROBI KENYA</PostalAddress>
                <PosCountry>KE</PosCountry>
                <TeleFax>0086-571-28931399</TeleFax>
                <Email>anningtex@hotmail.com</Email>
            </CDConsignor>
            <CDTransport>
                <ModeOfTransport>S</ModeOfTransport>
                <ModeOfTransportDesc>Sea</ModeOfTransportDesc>
                <PortOfArrival>KEMBA</PortOfArrival>
                <PortOfArrivalDesc>Mombasa</PortOfArrivalDesc>
                <CustomsOffice>BFT</CustomsOffice>
                <CustomsOfficeDesc>BOSS FREIGHTERS TERMINAL</CustomsOfficeDesc>
                <FreightStation>EMK</FreightStation>
                <FreightStationDesc>ICD EMBAKASI</FreightStationDesc>
                <CargoTypeIndicator>B</CargoTypeIndicator>
            </CDTransport>
            <PGAHeaderFields/>
            <CDHeaderOne>
                <ForeignCurrencyCode>USD</ForeignCurrencyCode>
                <ForexRate>103.199</ForexRate>
                <FOBFCY>9000.00</FOBFCY>
                <FreightFCY>0.00</FreightFCY>
                <InsuranceFCY>0.00</InsuranceFCY>
                <OtherChargesFCY>0.00</OtherChargesFCY>
                <CIFFCY>9000.00</CIFFCY>
                <FOBNCY>928791.00</FOBNCY>
                <FreightNCY>0.00</FreightNCY>
                <InsuranceNCY>0.00</InsuranceNCY>
                <OtherChargesNCY>0.00</OtherChargesNCY>
                <CIFNCY>928791.00</CIFNCY>
                <INCOTerms>DDP</INCOTerms>
                <COMESA>Y</COMESA>
                <InvoiceDate>20171009</InvoiceDate>
                <InvoiceNumber>rahab 2017</InvoiceNumber>
                <CountryOfSupply>CN</CountryOfSupply>
            </CDHeaderOne>
            <CDStandardTwo>
                <ApplicantRemarks>ok</ApplicantRemarks>
                <PurposeOfImport>PURPSE1</PurposeOfImport>
                <ApplicantDefinedThirdPartyDetails>
                    <ThirdParties>
                        <ThirdPartyCode>rmutisoTP</ThirdPartyCode>
                        <ThirdPartyDescription>Rachael Third Party Account</ThirdPartyDescription>
                        <DistributionMethod>U</DistributionMethod>
                        <ThirdPartyAccount>rmutisotp2</ThirdPartyAccount>
                    </ThirdParties>
                </ApplicantDefinedThirdPartyDetails>
                <Attachments>
                    <AttachDocumentCode>AIDF</AttachDocumentCode>
                    <AttachDocumentCodeDesc>Approved IDF</AttachDocumentCodeDesc>
                    <AttachDocumentRefNo>e171684564</AttachDocumentRefNo>
                    <AttachDocumentInternalRefNo>CD201700KEBSPVOC0000024157_1_e171684564_5483.docx</AttachDocumentInternalRefNo>
                </Attachments>
            </CDStandardTwo>
            <CDProductDetails>
                <ItemDetails>
                    <ItemCount>2</ItemCount>
                    <CDProduct1>
                        <ItemNo>1</ItemNo>
                        <ItemDescription>INTERLINING MATERIALS</ItemDescription>
                        <ItemHSCode>5512999000</ItemHSCode>
                        <HSDescription>Woven fabrics cont. &gt;=85% synthetic staple fibres - other, nes</HSDescription>
                        <Quantity>
                            <Qty>800000.0000</Qty>
                            <UnitOfQty>KG</UnitOfQty>
                        </Quantity>
                        <PackageType>BN</PackageType>
                        <PackageQty>700.00</PackageQty>
                        <ForeignCurrencyCode>USD</ForeignCurrencyCode>
                        <UnitPriceFCY>0.01</UnitPriceFCY>
                        <TotalPriceFCY>60.00</TotalPriceFCY>
                        <UnitPriceNCY>0.01</UnitPriceNCY>
                        <CountryOfOrigin>CN</CountryOfOrigin>
                        <TotalPriceNCY>5776.00</TotalPriceNCY>
                        <ItemNetWeight>8700.0000</ItemNetWeight>
                        <ItemGrossWeight>10000.0000</ItemGrossWeight>
                    </CDProduct1>
                    <CDProduct2>
                        <ApplicantRemarks>okay</ApplicantRemarks>
                    </CDProduct2>
                    <CDItemNonStandard/>
                </ItemDetails>
                <ItemDetails>
                    <ItemCount>2</ItemCount>
                    <CDProduct1>
                        <ItemNo>2</ItemNo>
                        <ItemDescription>INTERLINING MATERIALS</ItemDescription>
                        <ItemHSCode>5512999000</ItemHSCode>
                        <HSDescription>Woven fabrics cont. &gt;=85% synthetic staple fibres - other, nes</HSDescription>
                        <Quantity>
                            <Qty>80000.0000</Qty>
                            <UnitOfQty>KG</UnitOfQty>
                        </Quantity>
                        <PackageType>BN</PackageType>
                        <PackageQty>500.00</PackageQty>
                        <ForeignCurrencyCode>USD</ForeignCurrencyCode>
                        <UnitPriceFCY>0.12</UnitPriceFCY>
                        <TotalPriceFCY>8940.00</TotalPriceFCY>
                        <UnitPriceNCY>11.54</UnitPriceNCY>
                        <CountryOfOrigin>CN</CountryOfOrigin>
                        <TotalPriceNCY>922599.20</TotalPriceNCY>
                        <ItemNetWeight>8000.0000</ItemNetWeight>
                        <ItemGrossWeight>12000.0000</ItemGrossWeight>
                    </CDProduct1>
                    <CDProduct2>
                        <ApplicantRemarks>okay</ApplicantRemarks>
                    </CDProduct2>
                    <CDItemNonStandard/>
                </ItemDetails>
            </CDProductDetails>
        </ConsignmentDocDetails>
    </DocumentDetails>
    <DocumentSummary>
        <IssuedDateTime>16102017163508</IssuedDateTime>
        <SummaryPageUrl>https://trial.kenyatradenet.go.ke/keswsoga/SummaryPage.mda?ucr=UCR201700047635</SummaryPageUrl>
    </DocumentSummary>
</ConsignmentDocument>
