<?xml version="1.0" encoding="UTF-8" standalone="yes"?>
<ConsignmentDocument>
    <DocumentHeader>
        <DocumentReference>
            <DocumentType>CUSREG</DocumentType>
            <DocumentName>CONSIGNMENT DOCUMENT</DocumentName>
            <DocumentNumber>0821133937000</DocumentNumber>
            <CommonRefNumber>CD201700KEBSPVOC000002383601</CommonRefNumber>
            <MessageType>9</MessageType>
            <SenderID>eoga051</SenderID>
            <RegimeCode>T8</RegimeCode>
            <CMSRegimeCode>I</CMSRegimeCode>
            <ApprovalCategory>PRO</ApprovalCategory>
        </DocumentReference>
        <DocumentExchangeDetails>
            <ReceivingPartyDetails>
                <ReceivingParty>cust006</ReceivingParty>
            </ReceivingPartyDetails>
            <NotifyPartyDetails>
                <NotifyParty>NPM003</NotifyParty>
                <NotifyParty>NPM004</NotifyParty>
            </NotifyPartyDetails>
        </DocumentExchangeDetails>
    </DocumentHeader>
    <DocumentDetails>
        <ConsignmentDocDetails>
            <CDStandard>
                <ServiceProvider>
                    <ApplicationCode>KIP</ApplicationCode>
                    <Name>ACCELER GLOBAL LOGISTICS LTD</Name>
                    <TIN>P000600883U</TIN>
                    <PhysicalAddress>97979 MOMBASA</PhysicalAddress>
                    <PhyCountry>KE</PhyCountry>
                </ServiceProvider>
                <ApplicationTypeCode>CD</ApplicationTypeCode>
                <ApplicationTypeDescription>Consignment Document</ApplicationTypeDescription>
                <DocumentTypeCode>INR</DocumentTypeCode>
                <CMSDocumentTypeCode>R</CMSDocumentTypeCode>
                <DocumentTypeDescription>Inspection Report</DocumentTypeDescription>
                <ConsignmentTypeCode>C</ConsignmentTypeCode>
                <ConsignmentTypeDescription>Consignment</ConsignmentTypeDescription>
                <MDACode>KEBS</MDACode>
                <MDADescription>Kenya Bureau of Standards</MDADescription>
                <DocumentCode>PVOC</DocumentCode>
                <DocumentDescription>KEBS Inspection and Approval Document</DocumentDescription>
                <ProcessCode>PVOCPR</ProcessCode>
                <ProcessDescription>KEBS Inspection and Approval Process</ProcessDescription>
                <ApplicationDate>20170821</ApplicationDate>
                <UpdatedDate>201708211339</UpdatedDate>
                <ApprovalStatus>PP - Processing Fee Payment Due</ApprovalStatus>
                <ApprovalDate>20170821</ApprovalDate>
                <FinalApprovalDate>201708211339</FinalApprovalDate>
                <ApplicationRefNo>CD201700KEBSPVOC0000023836</ApplicationRefNo>
                <VersionNo>1</VersionNo>
                <UCRNumber>UCR201500033530</UCRNumber>
            </CDStandard>
            <CDImporter>
                <Name>COMET HEALTHCARE LTD</Name>
                <TIN>P051180386Y</TIN>
                <PhysicalAddress>6293, NAIROBI</PhysicalAddress>
                <PhyCountry>MU</PhyCountry>
                <PostalAddress>6293, NAIROBI</PostalAddress>
                <PosCountry>MU</PosCountry>
                <TeleFax>867000</TeleFax>
                <Email>comet@gmail.com</Email>
                <SectorofActivity>MFG</SectorofActivity>
                <WarehouseCode>AFRICOFF</WarehouseCode>
                <WarehouseLocation>MSA</WarehouseLocation>
            </CDImporter>
            <CDConsignee>
                <Name>COMET HEALTHCARE LTD</Name>
                <TIN>P051180386Y</TIN>
                <PhysicalAddress>6293, NAIROBI</PhysicalAddress>
                <PhyCountry>MU</PhyCountry>
                <PostalAddress>6293, NAIROBI</PostalAddress>
                <PosCountry>MU</PosCountry>
                <TeleFax>867000</TeleFax>
                <Email>comet@gmail.com</Email>
                <SectorofActivity>MFG</SectorofActivity>
                <WarehouseCode>AFRICOFF</WarehouseCode>
                <WarehouseLocation>MSA</WarehouseLocation>
            </CDConsignee>
            <CDExporter>
                <Name>COMET HEALTHCARE LTD</Name>
                <TIN>P051180386Y</TIN>
                <PhysicalAddress>6293, NAIROBI</PhysicalAddress>
                <PhyCountry>CN</PhyCountry>
                <PostalAddress>6293, NAIROBI</PostalAddress>
                <PosCountry>CN</PosCountry>
                <TeleFax>555444</TeleFax>
                <Email>comet@gmail.com</Email>
                <SectorofActivity>MFG</SectorofActivity>
            </CDExporter>
            <CDConsignor>
                <Name>COMET HEALTHCARE LTD</Name>
                <TIN>P051180386Y</TIN>
                <PhysicalAddress>6293, NAIROBI</PhysicalAddress>
                <PhyCountry>CN</PhyCountry>
                <PostalAddress>6293, NAIROBI</PostalAddress>
                <PosCountry>CN</PosCountry>
                <TeleFax>555444</TeleFax>
                <Email>comet@gmail.com</Email>
                <SectorofActivity>MFG</SectorofActivity>
                <WarehouseCode>AFRICOFF</WarehouseCode>
                <WarehouseLocation>MSA</WarehouseLocation>
            </CDConsignor>
            <CDTransport>
                <ModeOfTransport>S</ModeOfTransport>
                <ModeOfTransportDesc>Sea</ModeOfTransportDesc>
                <ShipmentDate>20170825</ShipmentDate>
                <BLAWB>bl235</BLAWB>
                <PortOfArrival>KEMBA</PortOfArrival>
                <PortOfArrivalDesc>Mombasa</PortOfArrivalDesc>
                <CustomsOffice>ADY</CustomsOffice>
                <CustomsOfficeDesc>ANDY FORWARDERS</CustomsOfficeDesc>
                <FreightStation>COT</FreightStation>
                <FreightStationDesc>MITCHELL  COTTS SHIPPING CFS</FreightStationDesc>
                <CargoTypeIndicator>B</CargoTypeIndicator>
            </CDTransport>
            <PGAHeaderFields/>
            <CDHeaderOne>
                <ForeignCurrencyCode>USD</ForeignCurrencyCode>
                <ForexRate>100.954</ForexRate>
                <FOBFCY>5000.00</FOBFCY>
                <FreightFCY>1000.00</FreightFCY>
                <InsuranceFCY>200.00</InsuranceFCY>
                <OtherChargesFCY>0.00</OtherChargesFCY>
                <CIFFCY>6200.00</CIFFCY>
                <FOBNCY>504770.00</FOBNCY>
                <FreightNCY>100954.00</FreightNCY>
                <InsuranceNCY>20190.80</InsuranceNCY>
                <OtherChargesNCY>0.00</OtherChargesNCY>
                <CIFNCY>625914.80</CIFNCY>
                <INCOTerms>CIF</INCOTerms>
                <TransactionTerms>16</TransactionTerms>
                <COMESA>N</COMESA>
                <InvoiceDate>20170721</InvoiceDate>
                <InvoiceNumber>2353</InvoiceNumber>
                <CountryOfSupply>IN</CountryOfSupply>
            </CDHeaderOne>
            <CDStandardTwo>
                <PurposeOfImport>PURPSE1</PurposeOfImport>
                <ApplicantDefinedThirdPartyDetails>
                    <ThirdParties>
                        <ThirdPartyCode>rmutisoTP</ThirdPartyCode>
                        <ThirdPartyDescription>Rachael Third Party Account</ThirdPartyDescription>
                        <DistributionMethod>U</DistributionMethod>
                        <ThirdPartyAccount>rmutisotp2</ThirdPartyAccount>
                    </ThirdParties>
                </ApplicantDefinedThirdPartyDetails>
                <Attachments>
                    <AttachDocumentCode>AIDF</AttachDocumentCode>
                    <AttachDocumentCodeDesc>Approved IDF</AttachDocumentCodeDesc>
                    <AttachDocumentRefNo>3556</AttachDocumentRefNo>
                    <AttachDocumentInternalRefNo>CD201700KEBSPVOC0000023836_1_3556_5136.pdf</AttachDocumentInternalRefNo>
                </Attachments>
                <Attachments>
                    <AttachDocumentCode>BOL</AttachDocumentCode>
                    <AttachDocumentCodeDesc>Bill of Lading</AttachDocumentCodeDesc>
                    <AttachDocumentRefNo>3255</AttachDocumentRefNo>
                    <AttachDocumentInternalRefNo>CD201700KEBSPVOC0000023836_1_3255_5134.pdf</AttachDocumentInternalRefNo>
                </Attachments>
            </CDStandardTwo>
            <CDProductDetails>
                <ItemDetails>
                    <ItemCount>1</ItemCount>
                    <CDProduct1>
                        <ItemNo>1</ItemNo>
                        <ItemDescription>Pombe Haramu</ItemDescription>
                        <ItemHSCode>0101100000</ItemHSCode>
                        <HSDescription>Pure bred breeding animals of horses</HSDescription>
                        <Quantity>
                            <Qty>3600.0000</Qty>
                            <UnitOfQty>KB</UnitOfQty>
                        </Quantity>
                        <SupplementryQuantity>
                            <Qty>3255.0000</Qty>
                            <UnitOfQty>UN</UnitOfQty>
                        </SupplementryQuantity>
                        <PackageType>BX</PackageType>
                        <PackageQty>600.00</PackageQty>
                        <ForeignCurrencyCode>USD</ForeignCurrencyCode>
                        <UnitPriceFCY>1.39</UnitPriceFCY>
                        <TotalPriceFCY>5000.00</TotalPriceFCY>
                        <UnitPriceNCY>140.22</UnitPriceNCY>
                        <CountryOfOrigin>CN</CountryOfOrigin>
                        <TotalPriceNCY>504770.40</TotalPriceNCY>
                        <ItemNetWeight>2000.0000</ItemNetWeight>
                        <ItemGrossWeight>2500.0000</ItemGrossWeight>
                    </CDProduct1>
                    <CDProduct2>
                        <ApplicantRemarks>food items</ApplicantRemarks>
                        <Attachments>
                            <AttachDocumentCode>BOL</AttachDocumentCode>
                            <AttachDocumentCodeDesc>Bill of Lading</AttachDocumentCodeDesc>
                            <AttachDocumentRefNo>2365586</AttachDocumentRefNo>
                            <AttachDocumentInternalRefNo>CD201700KEBSPVOC0000023836_1_1_2365586_5135.pdf</AttachDocumentInternalRefNo>
                        </Attachments>
                    </CDProduct2>
                    <CDItemNonStandard/>
                </ItemDetails>
            </CDProductDetails>
        </ConsignmentDocDetails>
    </DocumentDetails>
    <DocumentSummary>
        <IssuedDateTime>21082017133829</IssuedDateTime>
        <SummaryPageUrl>https://trial.kenyatradenet.go.ke/keswsoga/SummaryPage.mda?ucr=UCR201500033530</SummaryPageUrl>
    </DocumentSummary>
</ConsignmentDocument>
