<?xml version="1.0" encoding="UTF-8" standalone="yes"?>
<ConsignmentDocument>
    <DocumentHeader>
        <DocumentReference>
            <DocumentType>CUSREG</DocumentType>
            <DocumentName>CONSIGNMENT DOCUMENT</DocumentName>
            <DocumentNumber>1218152753000</DocumentNumber>
            <CommonRefNumber>CD201700KEBSPVOC000002435901</CommonRefNumber>
            <MessageType>9</MessageType>
            <SenderID>eoga051</SenderID>
            <RegimeCode>C4</RegimeCode>
            <CMSRegimeCode>I</CMSRegimeCode>
            <ApprovalCategory>PRO</ApprovalCategory>
        </DocumentReference>
        <DocumentExchangeDetails>
            <ReceivingPartyDetails>
                <ReceivingParty>cust006</ReceivingParty>
            </ReceivingPartyDetails>
            <NotifyPartyDetails>
                <NotifyParty>NPM003</NotifyParty>
                <NotifyParty>NPM004</NotifyParty>
            </NotifyPartyDetails>
        </DocumentExchangeDetails>
    </DocumentHeader>
    <DocumentDetails>
        <ConsignmentDocDetails>
            <CDStandard>
                <ServiceProvider>
                    <ApplicationCode>ICM</ApplicationCode>
                    <Name>iCMS testing PIN</Name>
                    <TIN>P051332767F</TIN>
                    <PhysicalAddress>222</PhysicalAddress>
                    <PhyCountry>KE</PhyCountry>
                </ServiceProvider>
                <ApplicationTypeCode>CD</ApplicationTypeCode>
                <ApplicationTypeDescription>Consignment Document</ApplicationTypeDescription>
                <DocumentTypeCode>INR</DocumentTypeCode>
                <CMSDocumentTypeCode>R</CMSDocumentTypeCode>
                <DocumentTypeDescription>Inspection Report</DocumentTypeDescription>
                <ConsignmentTypeCode>C</ConsignmentTypeCode>
                <ConsignmentTypeDescription>Consignment</ConsignmentTypeDescription>
                <MDACode>KEBS</MDACode>
                <MDADescription>Kenya Bureau of Standards</MDADescription>
                <DocumentCode>PVOC</DocumentCode>
                <DocumentDescription>KEBS Inspection and Approval Document</DocumentDescription>
                <ProcessCode>PVOCPR</ProcessCode>
                <ProcessDescription>KEBS Inspection and Approval Process</ProcessDescription>
                <ApplicationDate>20171218</ApplicationDate>
                <UpdatedDate>201712181527</UpdatedDate>
                <ApprovalStatus>PC</ApprovalStatus>
                <ApprovalDate>20171218</ApprovalDate>
                <FinalApprovalDate>201712181528</FinalApprovalDate>
                <ApplicationRefNo>CD201700KEBSPVOC0000024359</ApplicationRefNo>
                <VersionNo>1</VersionNo>
                <UCRNumber>UCR201700048870</UCRNumber>
            </CDStandard>
            <CDImporter>
                <Name>Merick Enterprises</Name>
                <TIN>P051332767F</TIN>
                <PhysicalAddress>LADHIES ROAD
					 MACHAKOS COUNTRY BUS</PhysicalAddress>
                <PhyCountry>KE</PhyCountry>
                <PostalAddress>LADHIES ROAD
					 MACHAKOS COUNTRY BUS</PostalAddress>
                <PosCountry>KE</PosCountry>
                <TeleFax>2</TeleFax>
                <Email>BNGUMI@KENTRADE.GO.KE</Email>
            </CDImporter>
            <CDConsignee>
                <Name>Merick Enterprises</Name>
                <TIN>P051332767F</TIN>
                <PhysicalAddress>LADHIES ROAD
					 MACHAKOS COUNTRY BUS</PhysicalAddress>
                <PhyCountry>KE</PhyCountry>
                <PostalAddress>LADHIES ROAD
					 MACHAKOS COUNTRY BUS</PostalAddress>
                <PosCountry>KE</PosCountry>
                <TeleFax>2</TeleFax>
                <Email>BNGUMI@KENTRADE.GO.KE</Email>
            </CDConsignee>
            <CDExporter>
                <Name>christine wambui</Name>
                <TIN>P000000000N</TIN>
                <PhysicalAddress>sssss</PhysicalAddress>
                <PhyCountry>AO</PhyCountry>
                <PostalAddress>sssss</PostalAddress>
                <PosCountry>AO</PosCountry>
                <TeleFax>0</TeleFax>
                <Email>d@f.com</Email>
                <SectorofActivity>MFG</SectorofActivity>
                <WarehouseCode>AFRICOFF</WarehouseCode>
                <WarehouseLocation>NBI</WarehouseLocation>
            </CDExporter>
            <CDConsignor>
                <Name>christine wambui</Name>
                <TIN>P000000000N</TIN>
                <PhysicalAddress>sssss</PhysicalAddress>
                <PhyCountry>AO</PhyCountry>
                <PostalAddress>sssss</PostalAddress>
                <PosCountry>AO</PosCountry>
                <TeleFax>0</TeleFax>
                <Email>d@f.com</Email>
                <SectorofActivity>MFG</SectorofActivity>
                <WarehouseCode>AFRICOFF</WarehouseCode>
                <WarehouseLocation>NBI</WarehouseLocation>
            </CDConsignor>
            <CDTransport>
                <ModeOfTransport>R</ModeOfTransport>
                <ModeOfTransportDesc>Road</ModeOfTransportDesc>
                <PortOfArrival>KEMBA</PortOfArrival>
                <PortOfArrivalDesc>Mombasa</PortOfArrivalDesc>
                <CustomsOffice>ACH</CustomsOffice>
                <CustomsOfficeDesc>ACHL</CustomsOfficeDesc>
                <FreightStation>ALT</FreightStation>
                <FreightStationDesc>AFRICAN LINE TERMINAL LOGISTICS LTD</FreightStationDesc>
                <CargoTypeIndicator>B</CargoTypeIndicator>
            </CDTransport>
            <PGAHeaderFields/>
            <CDHeaderOne>
                <ForeignCurrencyCode>USD</ForeignCurrencyCode>
                <ForexRate>103.199</ForexRate>
                <FOBFCY>209494.33</FOBFCY>
                <FreightFCY>0.00</FreightFCY>
                <InsuranceFCY>0.00</InsuranceFCY>
                <OtherChargesFCY>0.00</OtherChargesFCY>
                <CIFFCY>209494.33</CIFFCY>
                <FOBNCY>21619605.36</FOBNCY>
                <FreightNCY>0.00</FreightNCY>
                <InsuranceNCY>0.00</InsuranceNCY>
                <OtherChargesNCY>0.00</OtherChargesNCY>
                <CIFNCY>21619605.36</CIFNCY>
                <INCOTerms>CFR</INCOTerms>
                <COMESA>N</COMESA>
                <InvoiceDate>20171204</InvoiceDate>
                <InvoiceNumber>524</InvoiceNumber>
                <CountryOfSupply>CN</CountryOfSupply>
            </CDHeaderOne>
            <CDStandardTwo>
                <PurposeOfImport>B</PurposeOfImport>
                <ApplicantDefinedThirdPartyDetails>
                    <ThirdParties>
                        <ThirdPartyCode>rmutisoTP</ThirdPartyCode>
                        <ThirdPartyDescription>Rachael Third Party Account</ThirdPartyDescription>
                        <DistributionMethod>U</DistributionMethod>
                        <ThirdPartyAccount>rmutisotp2</ThirdPartyAccount>
                    </ThirdParties>
                </ApplicantDefinedThirdPartyDetails>
                <Attachments>
                    <AttachDocumentCode>AIDF</AttachDocumentCode>
                    <AttachDocumentCodeDesc>Approved IDF</AttachDocumentCodeDesc>
                    <AttachDocumentRefNo>3</AttachDocumentRefNo>
                    <AttachDocumentInternalRefNo>CD201700KEBSPVOC0000024359_1_3_5830.pdf</AttachDocumentInternalRefNo>
                </Attachments>
            </CDStandardTwo>
            <CDProductDetails>
                <ItemDetails>
                    <ItemCount>1</ItemCount>
                    <CDProduct1>
                        <ItemNo>1</ItemNo>
                        <ItemDescription>SSS</ItemDescription>
                        <ItemHSCode>3004400000</ItemHSCode>
                        <HSDescription>Medicaments containing alkaloids or derivatives thereof but not containing hormones, or other products of heading No. 29.37 or antibiotics, put up in measured doses or in forms or packings for retail sale.</HSDescription>
                        <Quantity>
                            <Qty>10.0000</Qty>
                            <UnitOfQty>KGM</UnitOfQty>
                        </Quantity>
                        <PackageType>KGM</PackageType>
                        <PackageQty>10.00</PackageQty>
                        <ForeignCurrencyCode>USD</ForeignCurrencyCode>
                        <UnitPriceFCY>0.00</UnitPriceFCY>
                        <TotalPriceFCY>209494.33</TotalPriceFCY>
                        <UnitPriceNCY>0.00</UnitPriceNCY>
                        <CountryOfOrigin>AR</CountryOfOrigin>
                        <TotalPriceNCY>0.00</TotalPriceNCY>
                        <ItemNetWeight>5000.0000</ItemNetWeight>
                        <ItemGrossWeight>5000.0000</ItemGrossWeight>
                    </CDProduct1>
                    <CDItemNonStandard/>
                </ItemDetails>
            </CDProductDetails>
        </ConsignmentDocDetails>
    </DocumentDetails>
    <DocumentSummary>
        <IssuedDateTime>18122017152516</IssuedDateTime>
        <SummaryPageUrl>https://trial.kenyatradenet.go.ke/keswsoga/SummaryPage.mda?ucr=UCR201700048870</SummaryPageUrl>
    </DocumentSummary>
</ConsignmentDocument>
