<?xml version="1.0" encoding="UTF-8" standalone="yes"?>
<ConsignmentDocument>
    <DocumentHeader>
        <DocumentReference>
            <DocumentType>CUSREG</DocumentType>
            <DocumentName>CONSIGNMENT DOCUMENT</DocumentName>
            <DocumentNumber>1018110330000</DocumentNumber>
            <CommonRefNumber>CD201700KEBSPVOC000002417601</CommonRefNumber>
            <MessageType>9</MessageType>
            <SenderID>eoga051</SenderID>
            <RegimeCode>C4</RegimeCode>
            <CMSRegimeCode>I</CMSRegimeCode>
            <ApprovalCategory>PRO</ApprovalCategory>
        </DocumentReference>
        <DocumentExchangeDetails>
            <ReceivingPartyDetails>
                <ReceivingParty>cust006</ReceivingParty>
            </ReceivingPartyDetails>
            <NotifyPartyDetails>
                <NotifyParty>NPM003</NotifyParty>
                <NotifyParty>NPM004</NotifyParty>
            </NotifyPartyDetails>
        </DocumentExchangeDetails>
    </DocumentHeader>
    <DocumentDetails>
        <ConsignmentDocDetails>
            <CDStandard>
                <ServiceProvider>
                    <ApplicationCode>RYC</ApplicationCode>
                    <Name>RYCE E AFRICA LTD</Name>
                    <TIN>P000591376W</TIN>
                    <PhysicalAddress>49729 NAIROBI</PhysicalAddress>
                    <PhyCountry>KE</PhyCountry>
                </ServiceProvider>
                <ApplicationTypeCode>CD</ApplicationTypeCode>
                <ApplicationTypeDescription>Consignment Document</ApplicationTypeDescription>
                <DocumentTypeCode>INR</DocumentTypeCode>
                <CMSDocumentTypeCode>R</CMSDocumentTypeCode>
                <DocumentTypeDescription>Inspection Report</DocumentTypeDescription>
                <ConsignmentTypeCode>C</ConsignmentTypeCode>
                <ConsignmentTypeDescription>Consignment</ConsignmentTypeDescription>
                <MDACode>KEBS</MDACode>
                <MDADescription>Kenya Bureau of Standards</MDADescription>
                <DocumentCode>PVOC</DocumentCode>
                <DocumentDescription>KEBS Inspection and Approval Document</DocumentDescription>
                <ProcessCode>PVOCPR</ProcessCode>
                <ProcessDescription>KEBS Inspection and Approval Process</ProcessDescription>
                <ApplicationDate>20171018</ApplicationDate>
                <UpdatedDate>201710181103</UpdatedDate>
                <ApprovalStatus>PC</ApprovalStatus>
                <ApprovalDate>20171018</ApprovalDate>
                <FinalApprovalDate>201710181103</FinalApprovalDate>
                <ApplicationRefNo>CD201700KEBSPVOC0000024176</ApplicationRefNo>
                <VersionNo>1</VersionNo>
                <UCRNumber>UCR201700047671</UCRNumber>
            </CDStandard>
            <CDImporter>
                <Name>GEOFREM SERVICES LIMITED</Name>
                <TIN>P051219637I</TIN>
                <PhysicalAddress>631 00517, NAIROBI</PhysicalAddress>
                <PhyCountry>KE</PhyCountry>
                <PostalAddress>631 00517, NAIROBI</PostalAddress>
                <PosCountry>KE</PosCountry>
                <TeleFax>0</TeleFax>
                <Email>makokha@kebs.org</Email>
                <SectorofActivity>TRD</SectorofActivity>
                <WarehouseCode>PQBSMUG</WarehouseCode>
                <WarehouseLocation>NBI</WarehouseLocation>
            </CDImporter>
            <CDConsignee>
                <Name>GEOFREM SERVICES LIMITED</Name>
                <TIN>P051219637I</TIN>
                <PhysicalAddress>631 00517, NAIROBI</PhysicalAddress>
                <PostalAddress>631 00517, NAIROBI</PostalAddress>
                <TeleFax>0</TeleFax>
                <Email>bosongof@kebs.org</Email>
                <SectorofActivity>TRD</SectorofActivity>
                <WarehouseCode>AFRICOFF</WarehouseCode>
                <WarehouseLocation>NBI</WarehouseLocation>
            </CDConsignee>
            <CDExporter>
                <Name>GEOFREM SERVICES LIMITED</Name>
                <TIN>P051219637I</TIN>
                <PhysicalAddress>631 00517, NAIROBI</PhysicalAddress>
                <PhyCountry>CN</PhyCountry>
                <PostalAddress>631 00517, NAIROBI</PostalAddress>
                <PosCountry>CN</PosCountry>
                <TeleFax>55055</TeleFax>
                <Email>bosongof@kebs.org</Email>
                <SectorofActivity>TRD</SectorofActivity>
                <WarehouseCode>AFRICOFF</WarehouseCode>
                <WarehouseLocation>NBI</WarehouseLocation>
            </CDExporter>
            <CDConsignor>
                <Name>GEOFREM SERVICES LIMITED</Name>
                <TIN>P051219637I</TIN>
                <PhysicalAddress>631 00517, NAIROBI</PhysicalAddress>
                <PhyCountry>KE</PhyCountry>
                <PostalAddress>631 00517, NAIROBI</PostalAddress>
                <PosCountry>KE</PosCountry>
                <TeleFax>0</TeleFax>
                <Email>bosongof@kebs.org</Email>
                <SectorofActivity>TRD</SectorofActivity>
                <WarehouseCode>AFRICOFF</WarehouseCode>
                <WarehouseLocation>NBI</WarehouseLocation>
            </CDConsignor>
            <CDTransport>
                <ModeOfTransport>S</ModeOfTransport>
                <ModeOfTransportDesc>Sea</ModeOfTransportDesc>
                <VesselName>Others</VesselName>
                <VoyageNo>1374</VoyageNo>
                <ShipmentDate>20171016</ShipmentDate>
                <Carrier>MAE</Carrier>
                <PortOfArrival>KEMBA</PortOfArrival>
                <PortOfArrivalDesc>Mombasa</PortOfArrivalDesc>
                <PortOfDeparture>SHU</PortOfDeparture>
                <PortOfDepartureDesc>Smith Point</PortOfDepartureDesc>
                <CustomsOffice>PEP</CustomsOffice>
                <CustomsOfficeDesc>PEPE</CustomsOfficeDesc>
                <FreightStation>PEP</FreightStation>
                <FreightStationDesc>PEPE LIMITED</FreightStationDesc>
                <CargoTypeIndicator>G</CargoTypeIndicator>
            </CDTransport>
            <PGAHeaderFields>
                <PreferredInspectionDate>18102017100000</PreferredInspectionDate>
            </PGAHeaderFields>
            <CDHeaderOne>
                <ForeignCurrencyCode>USD</ForeignCurrencyCode>
                <ForexRate>103.199</ForexRate>
                <FOBFCY>80610.50</FOBFCY>
                <FreightFCY>0.00</FreightFCY>
                <InsuranceFCY>0.00</InsuranceFCY>
                <OtherChargesFCY>0.00</OtherChargesFCY>
                <CIFFCY>80610.50</CIFFCY>
                <FOBNCY>8318922.99</FOBNCY>
                <FreightNCY>0.00</FreightNCY>
                <InsuranceNCY>0.00</InsuranceNCY>
                <OtherChargesNCY>0.00</OtherChargesNCY>
                <CIFNCY>8318922.99</CIFNCY>
                <INCOTerms>CIF</INCOTerms>
                <TransactionTerms>4</TransactionTerms>
                <COMESA>N</COMESA>
                <InvoiceDate>20171017</InvoiceDate>
                <InvoiceNumber>507710</InvoiceNumber>
                <CountryOfSupply>CN</CountryOfSupply>
            </CDHeaderOne>
            <CDStandardTwo>
                <ApplicantRemarks>HARDWARE ITEMS URGENTLY REQUIRED FOR TRADING</ApplicantRemarks>
                <PurposeOfImport>PURPSE2</PurposeOfImport>
                <ApplicantDefinedThirdPartyDetails>
                    <ThirdParties>
                        <ThirdPartyCode>rmutisoTP</ThirdPartyCode>
                        <ThirdPartyDescription>Rachael Third Party Account</ThirdPartyDescription>
                        <DistributionMethod>U</DistributionMethod>
                        <ThirdPartyAccount>rmutisotp2</ThirdPartyAccount>
                    </ThirdParties>
                </ApplicantDefinedThirdPartyDetails>
                <Attachments>
                    <AttachDocumentCode>AIDF</AttachDocumentCode>
                    <AttachDocumentCodeDesc>Approved IDF</AttachDocumentCodeDesc>
                    <AttachDocumentRefNo>E170000002</AttachDocumentRefNo>
                    <AttachDocumentInternalRefNo>CD201700KEBSPVOC0000024176_1_E170000002_5525.pdf</AttachDocumentInternalRefNo>
                </Attachments>
            </CDStandardTwo>
            <CDProductDetails>
                <ItemDetails>
                    <ItemCount>1</ItemCount>
                    <CDProduct1>
                        <ItemNo>1</ItemNo>
                        <ItemDescription>HARDWARE ITEMS</ItemDescription>
                        <ItemHSCode>9030900000</ItemHSCode>
                        <HSDescription>Parts/accessories of electrical... measuring... instruments of 90.30</HSDescription>
                        <Quantity>
                            <Qty>1432.0000</Qty>
                            <UnitOfQty>KG</UnitOfQty>
                        </Quantity>
                        <SupplementryQuantity>
                            <Qty>1.0000</Qty>
                            <UnitOfQty>K47</UnitOfQty>
                        </SupplementryQuantity>
                        <PackageType>CN</PackageType>
                        <PackageQty>10.00</PackageQty>
                        <ForeignCurrencyCode>USD</ForeignCurrencyCode>
                        <UnitPriceFCY>56.30</UnitPriceFCY>
                        <TotalPriceFCY>80610.50</TotalPriceFCY>
                        <UnitPriceNCY>5809.31</UnitPriceNCY>
                        <CountryOfOrigin>CN</CountryOfOrigin>
                        <TotalPriceNCY>8318923.20</TotalPriceNCY>
                        <ItemNetWeight>420.0000</ItemNetWeight>
                        <ItemGrossWeight>510.0000</ItemGrossWeight>
                    </CDProduct1>
                    <CDProduct2>
                        <ApplicantRemarks>GOODS URGENTLY REQUIRED</ApplicantRemarks>
                    </CDProduct2>
                    <CDItemNonStandard/>
                </ItemDetails>
            </CDProductDetails>
        </ConsignmentDocDetails>
    </DocumentDetails>
    <DocumentSummary>
        <IssuedDateTime>18102017110013</IssuedDateTime>
        <SummaryPageUrl>https://trial.kenyatradenet.go.ke/keswsoga/SummaryPage.mda?ucr=UCR201700047671</SummaryPageUrl>
    </DocumentSummary>
</ConsignmentDocument>
