<?xml version="1.0" encoding="UTF-8"?>
<message>
   <header>
      <module>OG_SV_PGA</module>
      <action>9</action>
      <direction>OUT</direction>
      <user_id>KESWS</user_id>
      <information>Outing going message for Declaration verification with OGA</information>
      <message_version>1</message_version>
      <message_date>2017-12-18T12:01:23.888+03:00</message_date>
   </header>
   <data>
      <data_in>
         <SAD>
            <message_nature>51</message_nature>
            <sad_id>2016MSA201710024</sad_id>
            <version>1</version>
            <KS>
               <container_num>KSH12345679</container_num>
            </KS>
            <cd_allocated_officer>Fine</cd_allocated_officer>
            <b27_place_of_loading>NANJING</b27_place_of_loading>
            <cd_verification_location>KENYA</cd_verification_location>
            <cd_verification_date_and_time>2017-12-18T00:00:00.0+03:00</cd_verification_date_and_time>
            <cd_verification_remarks>approved</cd_verification_remarks>
            <OGA_identification>KEBS</OGA_identification>
            <OGA_identification>PPB</OGA_identification>
         </SAD>
      </data_in>
   </data>
</message>
