<?xml version="1.0" encoding="UTF-8" standalone="yes"?>
<ConsignmentDocument>
    <DocumentHeader>
        <DocumentReference>
            <DocumentType>CUSREG</DocumentType>
            <DocumentName>CONSIGNMENT DOCUMENT</DocumentName>
            <DocumentNumber>0922143904000</DocumentNumber>
            <CommonRefNumber>CD201700KEBSPVOC000002397501</CommonRefNumber>
            <MessageType>9</MessageType>
            <SenderID>eoga051</SenderID>
            <RegimeCode>C4</RegimeCode>
            <CMSRegimeCode>I</CMSRegimeCode>
            <ApprovalCategory>PRO</ApprovalCategory>
        </DocumentReference>
        <DocumentExchangeDetails>
            <ReceivingPartyDetails>
                <ReceivingParty>cust006</ReceivingParty>
            </ReceivingPartyDetails>
            <NotifyPartyDetails>
                <NotifyParty>NPM003</NotifyParty>
                <NotifyParty>NPM004</NotifyParty>
            </NotifyPartyDetails>
        </DocumentExchangeDetails>
    </DocumentHeader>
    <DocumentDetails>
        <ConsignmentDocDetails>
            <CDStandard>
                <ServiceProvider>
                    <ApplicationCode>CA</ApplicationCode>
                    <Name>ICMS CLEARING AGENT P051332767F</Name>
                    <TIN>P051332767F</TIN>
                    <PhysicalAddress>fFfffdDD</PhysicalAddress>
                    <PhyCountry>KE</PhyCountry>
                </ServiceProvider>
                <ApplicationTypeCode>CD</ApplicationTypeCode>
                <ApplicationTypeDescription>Consignment Document</ApplicationTypeDescription>
                <DocumentTypeCode>INR</DocumentTypeCode>
                <CMSDocumentTypeCode>R</CMSDocumentTypeCode>
                <DocumentTypeDescription>Inspection Report</DocumentTypeDescription>
                <ConsignmentTypeCode>C</ConsignmentTypeCode>
                <ConsignmentTypeDescription>Consignment</ConsignmentTypeDescription>
                <MDACode>KEBS</MDACode>
                <MDADescription>Kenya Bureau of Standards</MDADescription>
                <DocumentCode>PVOC</DocumentCode>
                <DocumentDescription>KEBS Inspection and Approval Document</DocumentDescription>
                <ProcessCode>PVOCPR</ProcessCode>
                <ProcessDescription>KEBS Inspection and Approval Process</ProcessDescription>
                <ApplicationDate>20170922</ApplicationDate>
                <UpdatedDate>201709221439</UpdatedDate>
                <ApprovalStatus>PP - Processing Fee Payment Due</ApprovalStatus>
                <ApprovalDate>20170922</ApprovalDate>
                <FinalApprovalDate>201709221439</FinalApprovalDate>
                <ApplicationRefNo>CD201700KEBSPVOC0000023975</ApplicationRefNo>
                <VersionNo>1</VersionNo>
                <UCRNumber>UCR201700046916</UCRNumber>
            </CDStandard>
            <CDImporter>
                <Name>uweidj</Name>
                <TIN>P051332767F</TIN>
                <PhysicalAddress>ppppp
					 arcade</PhysicalAddress>
                <PhyCountry>KE</PhyCountry>
                <PostalAddress>ppppp
					 arcade</PostalAddress>
                <PosCountry>KE</PosCountry>
                <TeleFax>2</TeleFax>
                <Email>BNGUMI@KENTRADE.GO.KE</Email>
            </CDImporter>
            <CDConsignee>
                <Name>uweidj</Name>
                <TIN>P051332767F</TIN>
                <PhysicalAddress>ppppp
					 arcade</PhysicalAddress>
                <PhyCountry>KE</PhyCountry>
                <PostalAddress>ppppp
					 arcade</PostalAddress>
                <PosCountry>KE</PosCountry>
                <TeleFax>2</TeleFax>
                <Email>BNGUMI@KENTRADE.GO.KE</Email>
            </CDConsignee>
            <CDExporter>
                <Name>uweidj</Name>
                <TIN>P051332767F</TIN>
                <PhysicalAddress>ppppp
					 arcade</PhysicalAddress>
                <PhyCountry>KE</PhyCountry>
                <PostalAddress>ppppp
					 arcade</PostalAddress>
                <PosCountry>KE</PosCountry>
                <TeleFax>2</TeleFax>
                <Email>BNGUMI@KENTRADE.GO.KE</Email>
                <SectorofActivity>MFG</SectorofActivity>
            </CDExporter>
            <CDConsignor>
                <Name>uweidj</Name>
                <TIN>P051332767F</TIN>
                <PhysicalAddress>ppppp
					 arcade</PhysicalAddress>
                <PhyCountry>KE</PhyCountry>
                <PostalAddress>ppppp
					 arcade</PostalAddress>
                <PosCountry>KE</PosCountry>
                <TeleFax>2</TeleFax>
                <Email>BNGUMI@KENTRADE.GO.KE</Email>
            </CDConsignor>
            <CDTransport>
                <ModeOfTransport>R</ModeOfTransport>
                <ModeOfTransportDesc>Road</ModeOfTransportDesc>
                <PortOfArrival>KEMBA</PortOfArrival>
                <PortOfArrivalDesc>Mombasa</PortOfArrivalDesc>
                <CustomsOffice>CB2</CustomsOffice>
                <CustomsOfficeDesc>CONSOLBASE2</CustomsOfficeDesc>
                <FreightStation>EMK</FreightStation>
                <FreightStationDesc>ICD EMBAKASI</FreightStationDesc>
                <CargoTypeIndicator>B</CargoTypeIndicator>
            </CDTransport>
            <PGAHeaderFields/>
            <CDHeaderOne>
                <ForeignCurrencyCode>USD</ForeignCurrencyCode>
                <ForexRate>100.954</ForexRate>
                <FOBFCY>104747.16</FOBFCY>
                <FreightFCY>0.00</FreightFCY>
                <InsuranceFCY>0.00</InsuranceFCY>
                <OtherChargesFCY>0.00</OtherChargesFCY>
                <CIFFCY>104747.16</CIFFCY>
                <FOBNCY>10574644.79</FOBNCY>
                <FreightNCY>0.00</FreightNCY>
                <InsuranceNCY>0.00</InsuranceNCY>
                <OtherChargesNCY>0.00</OtherChargesNCY>
                <CIFNCY>10574644.79</CIFNCY>
                <INCOTerms>FCA</INCOTerms>
                <COMESA>N</COMESA>
                <InvoiceDate>20170906</InvoiceDate>
                <InvoiceNumber>555</InvoiceNumber>
                <CountryOfSupply>BD</CountryOfSupply>
            </CDHeaderOne>
            <CDStandardTwo>
                <PurposeOfImport>PURPSE13</PurposeOfImport>
                <ApplicantDefinedThirdPartyDetails>
                    <ThirdParties>
                        <ThirdPartyCode>rmutisoTP</ThirdPartyCode>
                        <ThirdPartyDescription>Rachael Third Party Account</ThirdPartyDescription>
                        <DistributionMethod>U</DistributionMethod>
                        <ThirdPartyAccount>rmutisotp2</ThirdPartyAccount>
                    </ThirdParties>
                </ApplicantDefinedThirdPartyDetails>
                <Attachments>
                    <AttachDocumentCode>AIDF</AttachDocumentCode>
                    <AttachDocumentCodeDesc>Approved IDF</AttachDocumentCodeDesc>
                    <AttachDocumentRefNo>5</AttachDocumentRefNo>
                    <AttachDocumentInternalRefNo>CD201700KEBSPVOC0000023975_1_5_5252.pdf</AttachDocumentInternalRefNo>
                </Attachments>
            </CDStandardTwo>
            <CDProductDetails>
                <ItemDetails>
                    <ItemCount>2</ItemCount>
                    <CDProduct1>
                        <ItemNo>1</ItemNo>
                        <ItemDescription>JAME</ItemDescription>
                        <ItemHSCode>22084000</ItemHSCode>
                        <HSDescription>medicine</HSDescription>
                        <Quantity>
                            <Qty>200.0000</Qty>
                            <UnitOfQty>LTR</UnitOfQty>
                        </Quantity>
                        <PackageType>LTR</PackageType>
                        <PackageQty>200.00</PackageQty>
                        <ForeignCurrencyCode>USD</ForeignCurrencyCode>
                        <UnitPriceFCY>0.00</UnitPriceFCY>
                        <TotalPriceFCY>52373.58</TotalPriceFCY>
                        <UnitPriceNCY>0.00</UnitPriceNCY>
                        <CountryOfOrigin>IE</CountryOfOrigin>
                        <TotalPriceNCY>0.00</TotalPriceNCY>
                        <ItemNetWeight>1000.0000</ItemNetWeight>
                        <ItemGrossWeight>1000.0000</ItemGrossWeight>
                    </CDProduct1>
                    <CDItemNonStandard/>
                </ItemDetails>
                <ItemDetails>
                    <ItemCount>2</ItemCount>
                    <CDProduct1>
                        <ItemNo>2</ItemNo>
                        <ItemDescription>MEDICINS</ItemDescription>
                        <ItemHSCode>30041000</ItemHSCode>
                        <HSDescription>dawa</HSDescription>
                        <Quantity>
                            <Qty>300.0000</Qty>
                            <UnitOfQty>KGM</UnitOfQty>
                        </Quantity>
                        <PackageType>KGM</PackageType>
                        <PackageQty>300.00</PackageQty>
                        <ForeignCurrencyCode>USD</ForeignCurrencyCode>
                        <UnitPriceFCY>0.00</UnitPriceFCY>
                        <TotalPriceFCY>52373.58</TotalPriceFCY>
                        <UnitPriceNCY>0.00</UnitPriceNCY>
                        <CountryOfOrigin>IN</CountryOfOrigin>
                        <TotalPriceNCY>0.00</TotalPriceNCY>
                        <ItemNetWeight>1000.0000</ItemNetWeight>
                        <ItemGrossWeight>1000.0000</ItemGrossWeight>
                    </CDProduct1>
                    <CDItemNonStandard/>
                </ItemDetails>
            </CDProductDetails>
        </ConsignmentDocDetails>
    </DocumentDetails>
    <DocumentSummary>
        <IssuedDateTime>22092017143545</IssuedDateTime>
        <SummaryPageUrl>https://trial.kenyatradenet.go.ke/keswsoga/SummaryPage.mda?ucr=UCR201700046916</SummaryPageUrl>
    </DocumentSummary>
</ConsignmentDocument>
