<?xml version="1.0" encoding="UTF-8" standalone="yes"?>
<ConsignmentDocument>
    <DocumentHeader>
        <DocumentReference>
            <DocumentType>CUSREG</DocumentType>
            <DocumentName>CONSIGNMENT DOCUMENT</DocumentName>
            <DocumentNumber>1019103712000</DocumentNumber>
            <CommonRefNumber>CD201700KEBSPVOC000002419401</CommonRefNumber>
            <MessageType>9</MessageType>
            <SenderID>eoga051</SenderID>
            <RegimeCode>C4</RegimeCode>
            <CMSRegimeCode>I</CMSRegimeCode>
            <ApprovalCategory>PRO</ApprovalCategory>
        </DocumentReference>
        <DocumentExchangeDetails>
            <ReceivingPartyDetails>
                <ReceivingParty>cust006</ReceivingParty>
            </ReceivingPartyDetails>
            <NotifyPartyDetails>
                <NotifyParty>NPM003</NotifyParty>
                <NotifyParty>NPM004</NotifyParty>
            </NotifyPartyDetails>
        </DocumentExchangeDetails>
    </DocumentHeader>
    <DocumentDetails>
        <ConsignmentDocDetails>
            <CDStandard>
                <ServiceProvider>
                    <ApplicationCode>RYC</ApplicationCode>
                    <Name>RYCE E AFRICA LTD</Name>
                    <TIN>P000591376W</TIN>
                    <PhysicalAddress>49729 NAIROBI</PhysicalAddress>
                    <PhyCountry>KE</PhyCountry>
                </ServiceProvider>
                <ApplicationTypeCode>CD</ApplicationTypeCode>
                <ApplicationTypeDescription>Consignment Document</ApplicationTypeDescription>
                <DocumentTypeCode>INR</DocumentTypeCode>
                <CMSDocumentTypeCode>R</CMSDocumentTypeCode>
                <DocumentTypeDescription>Inspection Report</DocumentTypeDescription>
                <ConsignmentTypeCode>C</ConsignmentTypeCode>
                <ConsignmentTypeDescription>Consignment</ConsignmentTypeDescription>
                <MDACode>KEBS</MDACode>
                <MDADescription>Kenya Bureau of Standards</MDADescription>
                <DocumentCode>PVOC</DocumentCode>
                <DocumentDescription>KEBS Inspection and Approval Document</DocumentDescription>
                <ProcessCode>PVOCPR</ProcessCode>
                <ProcessDescription>KEBS Inspection and Approval Process</ProcessDescription>
                <ApplicationDate>20171019</ApplicationDate>
                <UpdatedDate>201710191037</UpdatedDate>
                <ApprovalStatus>PC</ApprovalStatus>
                <ApprovalDate>20171019</ApprovalDate>
                <FinalApprovalDate>201710191037</FinalApprovalDate>
                <ApplicationRefNo>CD201700KEBSPVOC0000024194</ApplicationRefNo>
                <VersionNo>1</VersionNo>
                <UCRNumber>UCR201700047710</UCRNumber>
            </CDStandard>
            <CDImporter>
                <Name>RYCE E AFRICA LTD</Name>
                <TIN>P000591376W</TIN>
                <PhysicalAddress>49729 NAIROBI</PhysicalAddress>
                <PhyCountry>KE</PhyCountry>
                <PostalAddress>49729 NAIROBI</PostalAddress>
                <PosCountry>KE</PosCountry>
                <TeleFax>0</TeleFax>
                <Email>bngumi@kentrade.go.ke</Email>
            </CDImporter>
            <CDConsignee>
                <Name>RYCE E AFRICA LTD</Name>
                <TIN>P000591376W</TIN>
                <PhysicalAddress>49729 NAIROBI</PhysicalAddress>
                <PhyCountry>KE</PhyCountry>
                <PostalAddress>49729 NAIROBI</PostalAddress>
                <PosCountry>KE</PosCountry>
                <TeleFax>0</TeleFax>
                <Email>bngumi@kentrade.go.ke</Email>
            </CDConsignee>
            <CDExporter>
                <Name>RYCE E AFRICA LTD</Name>
                <TIN>P000591376W</TIN>
                <PhysicalAddress>49729 NAIROBI</PhysicalAddress>
                <PhyCountry>KE</PhyCountry>
                <PostalAddress>49729 NAIROBI</PostalAddress>
                <PosCountry>KE</PosCountry>
                <TeleFax>0</TeleFax>
                <Email>bngumi@kentrade.go.ke</Email>
                <SectorofActivity>TRD</SectorofActivity>
            </CDExporter>
            <CDConsignor>
                <Name>RYCE E AFRICA LTD</Name>
                <TIN>P000591376W</TIN>
                <PhysicalAddress>49729 NAIROBI</PhysicalAddress>
                <PhyCountry>KE</PhyCountry>
                <PostalAddress>49729 NAIROBI</PostalAddress>
                <PosCountry>KE</PosCountry>
                <TeleFax>0</TeleFax>
                <Email>bngumi@kentrade.go.ke</Email>
            </CDConsignor>
            <CDTransport>
                <ModeOfTransport>S</ModeOfTransport>
                <ModeOfTransportDesc>Sea</ModeOfTransportDesc>
                <PortOfArrival>KEMBA</PortOfArrival>
                <PortOfArrivalDesc>Mombasa</PortOfArrivalDesc>
                <CustomsOffice>BSA</CustomsOffice>
                <CustomsOfficeDesc>BUSIA</CustomsOfficeDesc>
                <FreightStation>BSA</FreightStation>
                <FreightStationDesc>BUSIA</FreightStationDesc>
                <CargoTypeIndicator>M</CargoTypeIndicator>
            </CDTransport>
            <PGAHeaderFields/>
            <CDHeaderOne>
                <ForeignCurrencyCode>USD</ForeignCurrencyCode>
                <ForexRate>103.199</ForexRate>
                <FOBFCY>6500.00</FOBFCY>
                <FreightFCY>0.00</FreightFCY>
                <InsuranceFCY>0.00</InsuranceFCY>
                <OtherChargesFCY>0.00</OtherChargesFCY>
                <CIFFCY>6500.00</CIFFCY>
                <FOBNCY>670793.50</FOBNCY>
                <FreightNCY>0.00</FreightNCY>
                <InsuranceNCY>0.00</InsuranceNCY>
                <OtherChargesNCY>0.00</OtherChargesNCY>
                <CIFNCY>670793.50</CIFNCY>
                <INCOTerms>CIF</INCOTerms>
                <TransactionTerms>12</TransactionTerms>
                <COMESA>Y</COMESA>
                <InvoiceDate>20171018</InvoiceDate>
                <InvoiceNumber>2017/9</InvoiceNumber>
                <CountryOfSupply>SD</CountryOfSupply>
            </CDHeaderOne>
            <CDStandardTwo>
                <ApplicantRemarks>NOTED</ApplicantRemarks>
                <PurposeOfImport>PURPSE7</PurposeOfImport>
                <ApplicantDefinedThirdPartyDetails>
                    <ThirdParties>
                        <ThirdPartyCode>rmutisoTP</ThirdPartyCode>
                        <ThirdPartyDescription>Rachael Third Party Account</ThirdPartyDescription>
                        <DistributionMethod>U</DistributionMethod>
                        <ThirdPartyAccount>rmutisotp2</ThirdPartyAccount>
                    </ThirdParties>
                </ApplicantDefinedThirdPartyDetails>
                <Attachments>
                    <AttachDocumentCode>AIDF</AttachDocumentCode>
                    <AttachDocumentCodeDesc>Approved IDF</AttachDocumentCodeDesc>
                    <AttachDocumentRefNo>E170566429</AttachDocumentRefNo>
                    <AttachDocumentInternalRefNo>CD201700KEBSPVOC0000024194_1_E170566429_5540.docx</AttachDocumentInternalRefNo>
                </Attachments>
            </CDStandardTwo>
            <CDProductDetails>
                <ItemDetails>
                    <ItemCount>1</ItemCount>
                    <CDProduct1>
                        <ItemNo>1</ItemNo>
                        <ItemDescription>MOTOR VEHICLE</ItemDescription>
                        <ItemHSCode>8702102011</ItemHSCode>
                        <HSDescription>Used motor vehicle diesel, 10-22 seater; age &lt;=10yrs</HSDescription>
                        <Quantity>
                            <Qty>1.0000</Qty>
                            <UnitOfQty>KG</UnitOfQty>
                        </Quantity>
                        <PackageType>BX</PackageType>
                        <PackageQty>1.00</PackageQty>
                        <ForeignCurrencyCode>USD</ForeignCurrencyCode>
                        <UnitPriceFCY>6500.00</UnitPriceFCY>
                        <TotalPriceFCY>6500.00</TotalPriceFCY>
                        <UnitPriceNCY>670793.50</UnitPriceNCY>
                        <CountryOfOrigin>TH</CountryOfOrigin>
                        <TotalPriceNCY>670793.50</TotalPriceNCY>
                        <ItemNetWeight>1200.0000</ItemNetWeight>
                        <ItemGrossWeight>1300.0000</ItemGrossWeight>
                    </CDProduct1>
                    <CDProduct2>
                        <ApplicantRemarks>FOR DONATION</ApplicantRemarks>
                    </CDProduct2>
                    <CDItemNonStandard>
                        <ChassisNo>SLW6793ZE43</ChassisNo>
                        <usedIndicator>Used</usedIndicator>
                        <vehicleYear>2011</vehicleYear>
                        <vehicleModel>12-Land Cruiser</vehicleModel>
                        <vehicleMake>43-Toyota</vehicleMake>
                    </CDItemNonStandard>
                </ItemDetails>
            </CDProductDetails>
        </ConsignmentDocDetails>
    </DocumentDetails>
    <DocumentSummary>
        <IssuedDateTime>19102017103518</IssuedDateTime>
        <SummaryPageUrl>https://trial.kenyatradenet.go.ke/keswsoga/SummaryPage.mda?ucr=UCR201700047710</SummaryPageUrl>
    </DocumentSummary>
</ConsignmentDocument>
