<?xml version="1.0" encoding="UTF-8" standalone="yes"?>
<ConsignmentDocument>
    <DocumentHeader>
        <DocumentReference>
            <DocumentType>CUSREG</DocumentType>
            <DocumentName>CONSIGNMENT DOCUMENT</DocumentName>
            <DocumentNumber>1018095331000</DocumentNumber>
            <CommonRefNumber>CD201700KEBSPVOC000002417201</CommonRefNumber>
            <MessageType>9</MessageType>
            <SenderID>eoga051</SenderID>
            <RegimeCode>C4</RegimeCode>
            <CMSRegimeCode>I</CMSRegimeCode>
            <ApprovalCategory>PRO</ApprovalCategory>
        </DocumentReference>
        <DocumentExchangeDetails>
            <ReceivingPartyDetails>
                <ReceivingParty>cust006</ReceivingParty>
            </ReceivingPartyDetails>
            <NotifyPartyDetails>
                <NotifyParty>NPM003</NotifyParty>
                <NotifyParty>NPM004</NotifyParty>
            </NotifyPartyDetails>
        </DocumentExchangeDetails>
    </DocumentHeader>
    <DocumentDetails>
        <ConsignmentDocDetails>
            <CDStandard>
                <ServiceProvider>
                    <ApplicationCode>RYC</ApplicationCode>
                    <Name>RYCE E AFRICA LTD</Name>
                    <TIN>P000591376W</TIN>
                    <PhysicalAddress>49729 NAIROBI</PhysicalAddress>
                    <PhyCountry>KE</PhyCountry>
                </ServiceProvider>
                <ApplicationTypeCode>CD</ApplicationTypeCode>
                <ApplicationTypeDescription>Consignment Document</ApplicationTypeDescription>
                <DocumentTypeCode>INR</DocumentTypeCode>
                <CMSDocumentTypeCode>R</CMSDocumentTypeCode>
                <DocumentTypeDescription>Inspection Report</DocumentTypeDescription>
                <ConsignmentTypeCode>C</ConsignmentTypeCode>
                <ConsignmentTypeDescription>Consignment</ConsignmentTypeDescription>
                <MDACode>KEBS</MDACode>
                <MDADescription>Kenya Bureau of Standards</MDADescription>
                <DocumentCode>PVOC</DocumentCode>
                <DocumentDescription>KEBS Inspection and Approval Document</DocumentDescription>
                <ProcessCode>PVOCPR</ProcessCode>
                <ProcessDescription>KEBS Inspection and Approval Process</ProcessDescription>
                <ApplicationDate>20171018</ApplicationDate>
                <UpdatedDate>201710180953</UpdatedDate>
                <ApprovalStatus>PC</ApprovalStatus>
                <ApprovalDate>20171018</ApprovalDate>
                <FinalApprovalDate>201710180953</FinalApprovalDate>
                <ApplicationRefNo>CD201700KEBSPVOC0000024172</ApplicationRefNo>
                <VersionNo>1</VersionNo>
                <UCRNumber>UCR201700047667</UCRNumber>
            </CDStandard>
            <CDImporter>
                <Name>RYCE E AFRICA LTD</Name>
                <TIN>P000591376W</TIN>
                <PhysicalAddress>49729 NAIROBI</PhysicalAddress>
                <PhyCountry>KE</PhyCountry>
                <PostalAddress>49729 NAIROBI</PostalAddress>
                <PosCountry>KE</PosCountry>
                <TeleFax>0</TeleFax>
                <Email>bngumi@kentrade.go.ke</Email>
            </CDImporter>
            <CDConsignee>
                <Name>RYCE E AFRICA LTD</Name>
                <TIN>P000591376W</TIN>
                <PhysicalAddress>49729 NAIROBI</PhysicalAddress>
                <PhyCountry>KE</PhyCountry>
                <PostalAddress>49729 NAIROBI</PostalAddress>
                <PosCountry>KE</PosCountry>
                <TeleFax>0</TeleFax>
                <Email>bngumi@kentrade.go.ke</Email>
            </CDConsignee>
            <CDExporter>
                <Name>TRADER</Name>
                <TIN>P000000000N</TIN>
                <PhysicalAddress>NAIROBI KENYA</PhysicalAddress>
                <PhyCountry>KE</PhyCountry>
                <PostalAddress>NAIROBI KENYA</PostalAddress>
                <PosCountry>KE</PosCountry>
                <TeleFax>0</TeleFax>
                <Email>gogo@gmail.com</Email>
                <SectorofActivity>MFG</SectorofActivity>
                <WarehouseCode>AFRICOFF</WarehouseCode>
                <WarehouseLocation>NBI</WarehouseLocation>
            </CDExporter>
            <CDConsignor>
                <Name>TRADER</Name>
                <TIN>P000000000N</TIN>
                <PhysicalAddress>NAIROBI KENYA</PhysicalAddress>
                <PhyCountry>KE</PhyCountry>
                <PostalAddress>NAIROBI KENYA</PostalAddress>
                <PosCountry>KE</PosCountry>
                <TeleFax>0</TeleFax>
                <Email>gogo@gmail.com</Email>
            </CDConsignor>
            <CDTransport>
                <ModeOfTransport>S</ModeOfTransport>
                <ModeOfTransportDesc>Sea</ModeOfTransportDesc>
                <PortOfArrival>KEMBA</PortOfArrival>
                <PortOfArrivalDesc>Mombasa</PortOfArrivalDesc>
                <CustomsOffice>MCT</CustomsOffice>
                <CustomsOfficeDesc>MOMBASA CONTAINER TERMINAL</CustomsOfficeDesc>
                <FreightStation>MCT</FreightStation>
                <FreightStationDesc>MOMBASA CONTAINER TERMINAL</FreightStationDesc>
                <CargoTypeIndicator>G</CargoTypeIndicator>
            </CDTransport>
            <PGAHeaderFields/>
            <CDHeaderOne>
                <ForeignCurrencyCode>USD</ForeignCurrencyCode>
                <ForexRate>103.199</ForexRate>
                <FOBFCY>5000.00</FOBFCY>
                <FreightFCY>0.00</FreightFCY>
                <InsuranceFCY>0.00</InsuranceFCY>
                <OtherChargesFCY>0.00</OtherChargesFCY>
                <CIFFCY>5000.00</CIFFCY>
                <FOBNCY>515995.00</FOBNCY>
                <FreightNCY>0.00</FreightNCY>
                <InsuranceNCY>0.00</InsuranceNCY>
                <OtherChargesNCY>0.00</OtherChargesNCY>
                <CIFNCY>515995.00</CIFNCY>
                <INCOTerms>CIF</INCOTerms>
                <COMESA>N</COMESA>
                <InvoiceDate>20171018</InvoiceDate>
                <InvoiceNumber>567890</InvoiceNumber>
                <CountryOfSupply>BR</CountryOfSupply>
            </CDHeaderOne>
            <CDStandardTwo>
                <PurposeOfImport>P</PurposeOfImport>
                <ApplicantDefinedThirdPartyDetails>
                    <ThirdParties>
                        <ThirdPartyCode>rmutisoTP</ThirdPartyCode>
                        <ThirdPartyDescription>Rachael Third Party Account</ThirdPartyDescription>
                        <DistributionMethod>U</DistributionMethod>
                        <ThirdPartyAccount>rmutisotp2</ThirdPartyAccount>
                    </ThirdParties>
                </ApplicantDefinedThirdPartyDetails>
                <Attachments>
                    <AttachDocumentCode>AIDF</AttachDocumentCode>
                    <AttachDocumentCodeDesc>Approved IDF</AttachDocumentCodeDesc>
                    <AttachDocumentRefNo>67589</AttachDocumentRefNo>
                    <AttachDocumentInternalRefNo>CD201700KEBSPVOC0000024172_1_67589_5506.jpeg</AttachDocumentInternalRefNo>
                </Attachments>
            </CDStandardTwo>
            <CDProductDetails>
                <ItemDetails>
                    <ItemCount>1</ItemCount>
                    <CDProduct1>
                        <ItemNo>1</ItemNo>
                        <ItemDescription>Rice</ItemDescription>
                        <ItemHSCode>1006400000</ItemHSCode>
                        <HSDescription>Broken rice.</HSDescription>
                        <Quantity>
                            <Qty>500.0000</Qty>
                            <UnitOfQty>KG</UnitOfQty>
                        </Quantity>
                        <PackageType>BG</PackageType>
                        <PackageQty>10000.00</PackageQty>
                        <ForeignCurrencyCode>USD</ForeignCurrencyCode>
                        <UnitPriceFCY>10.00</UnitPriceFCY>
                        <TotalPriceFCY>5000.00</TotalPriceFCY>
                        <UnitPriceNCY>1031.99</UnitPriceNCY>
                        <CountryOfOrigin>BR</CountryOfOrigin>
                        <TotalPriceNCY>515995.00</TotalPriceNCY>
                        <ItemNetWeight>500.0000</ItemNetWeight>
                        <ItemGrossWeight>600.0000</ItemGrossWeight>
                    </CDProduct1>
                    <CDProduct2>
                        <ApplicantRemarks>For own use</ApplicantRemarks>
                    </CDProduct2>
                    <CDItemNonStandard/>
                </ItemDetails>
            </CDProductDetails>
        </ConsignmentDocDetails>
    </DocumentDetails>
    <DocumentSummary>
        <IssuedDateTime>18102017095007</IssuedDateTime>
        <SummaryPageUrl>https://trial.kenyatradenet.go.ke/keswsoga/SummaryPage.mda?ucr=UCR201700047667</SummaryPageUrl>
    </DocumentSummary>
</ConsignmentDocument>
