<?xml version="1.0" encoding="UTF-8" standalone="yes"?>
<ConsignmentDocument>
    <DocumentHeader>
        <DocumentReference>
            <DocumentType>CUSREG</DocumentType>
            <DocumentName>CONSIGNMENT DOCUMENT</DocumentName>
            <DocumentNumber>1016153846000</DocumentNumber>
            <CommonRefNumber>CD201700KEBSPVOC000002415301</CommonRefNumber>
            <MessageType>9</MessageType>
            <SenderID>eoga051</SenderID>
            <RegimeCode>C4</RegimeCode>
            <CMSRegimeCode>I</CMSRegimeCode>
            <ApprovalCategory>PRO</ApprovalCategory>
        </DocumentReference>
        <DocumentExchangeDetails>
            <ReceivingPartyDetails>
                <ReceivingParty>cust006</ReceivingParty>
            </ReceivingPartyDetails>
            <NotifyPartyDetails>
                <NotifyParty>NPM003</NotifyParty>
                <NotifyParty>NPM004</NotifyParty>
            </NotifyPartyDetails>
        </DocumentExchangeDetails>
    </DocumentHeader>
    <DocumentDetails>
        <ConsignmentDocDetails>
            <CDStandard>
                <ServiceProvider>
                    <ApplicationCode>CA</ApplicationCode>
                    <Name>ICMS CLEARING AGENT P051332767F</Name>
                    <TIN>P051332767F</TIN>
                    <PhysicalAddress>fFfffdDD</PhysicalAddress>
                    <PhyCountry>KE</PhyCountry>
                </ServiceProvider>
                <ApplicationTypeCode>CD</ApplicationTypeCode>
                <ApplicationTypeDescription>Consignment Document</ApplicationTypeDescription>
                <DocumentTypeCode>INR</DocumentTypeCode>
                <CMSDocumentTypeCode>R</CMSDocumentTypeCode>
                <DocumentTypeDescription>Inspection Report</DocumentTypeDescription>
                <ConsignmentTypeCode>C</ConsignmentTypeCode>
                <ConsignmentTypeDescription>Consignment</ConsignmentTypeDescription>
                <MDACode>KEBS</MDACode>
                <MDADescription>Kenya Bureau of Standards</MDADescription>
                <DocumentCode>PVOC</DocumentCode>
                <DocumentDescription>KEBS Inspection and Approval Document</DocumentDescription>
                <ProcessCode>PVOCPR</ProcessCode>
                <ProcessDescription>KEBS Inspection and Approval Process</ProcessDescription>
                <ApplicationDate>20171016</ApplicationDate>
                <UpdatedDate>201710161538</UpdatedDate>
                <ApprovalStatus>PP - Processing Fee Payment Due</ApprovalStatus>
                <ApprovalDate>20171016</ApprovalDate>
                <FinalApprovalDate>201710161538</FinalApprovalDate>
                <ApplicationRefNo>CD201700KEBSPVOC0000024153</ApplicationRefNo>
                <VersionNo>1</VersionNo>
                <UCRNumber>UCR201700047629</UCRNumber>
            </CDStandard>
            <CDImporter>
                <Name>iCMS testing PIN</Name>
                <TIN>P051332767F</TIN>
                <PhysicalAddress>222</PhysicalAddress>
                <PhyCountry>KE</PhyCountry>
                <PostalAddress>222</PostalAddress>
                <PosCountry>KE</PosCountry>
                <TeleFax>0</TeleFax>
                <Email>dfd@frf.com</Email>
            </CDImporter>
            <CDConsignee>
                <Name>iCMS testing PIN</Name>
                <TIN>P051332767F</TIN>
                <PhysicalAddress>222</PhysicalAddress>
                <PhyCountry>KE</PhyCountry>
                <PostalAddress>222</PostalAddress>
                <PosCountry>KE</PosCountry>
                <TeleFax>0</TeleFax>
                <Email>ss@ddd.com</Email>
            </CDConsignee>
            <CDExporter>
                <Name>ICMS CLEARING AGENT P051332767F</Name>
                <TIN>P051332767F</TIN>
                <PhysicalAddress>fFfffdDD</PhysicalAddress>
                <PhyCountry>KE</PhyCountry>
                <PostalAddress>fFfffdDD</PostalAddress>
                <PosCountry>KE</PosCountry>
                <TeleFax>0</TeleFax>
                <Email>BNGUMI@KENTRADE.GO.KE</Email>
                <SectorofActivity>MFG</SectorofActivity>
            </CDExporter>
            <CDConsignor>
                <Name>iCMS testing PIN</Name>
                <TIN>P051332767F</TIN>
                <PhysicalAddress>222</PhysicalAddress>
                <PhyCountry>KE</PhyCountry>
                <PostalAddress>222</PostalAddress>
                <PosCountry>KE</PosCountry>
                <TeleFax>0</TeleFax>
                <Email>ssxsx@sds.com</Email>
            </CDConsignor>
            <CDTransport>
                <ModeOfTransport>A</ModeOfTransport>
                <ModeOfTransportDesc>Air</ModeOfTransportDesc>
                <PortOfArrival>NBO</PortOfArrival>
                <PortOfArrivalDesc>Jomo Kenyatta International Airport</PortOfArrivalDesc>
                <CustomsOffice>JKA</CustomsOffice>
                <CustomsOfficeDesc>JOMO KENYATTA INTERNATIONAL AIRPORT</CustomsOfficeDesc>
                <FreightStation>ACHL</FreightStation>
                <FreightStationDesc>African Cargo Handling Limited</FreightStationDesc>
                <CargoTypeIndicator>G</CargoTypeIndicator>
            </CDTransport>
            <PGAHeaderFields/>
            <CDHeaderOne>
                <ForeignCurrencyCode>AUD</ForeignCurrencyCode>
                <ForexRate>57.377</ForexRate>
                <FOBFCY>3333.00</FOBFCY>
                <FreightFCY>0.00</FreightFCY>
                <InsuranceFCY>0.00</InsuranceFCY>
                <OtherChargesFCY>0.00</OtherChargesFCY>
                <CIFFCY>3333.00</CIFFCY>
                <FOBNCY>191237.54</FOBNCY>
                <FreightNCY>0.00</FreightNCY>
                <InsuranceNCY>0.00</InsuranceNCY>
                <OtherChargesNCY>0.00</OtherChargesNCY>
                <CIFNCY>191237.54</CIFNCY>
                <INCOTerms>CIF</INCOTerms>
                <COMESA>N</COMESA>
                <InvoiceDate>20171016</InvoiceDate>
                <InvoiceNumber>dre43refew</InvoiceNumber>
                <CountryOfSupply>AU</CountryOfSupply>
            </CDHeaderOne>
            <CDStandardTwo>
                <PurposeOfImport>PURPSE8</PurposeOfImport>
                <ApplicantDefinedThirdPartyDetails>
                    <ThirdParties>
                        <ThirdPartyCode>rmutisoTP</ThirdPartyCode>
                        <ThirdPartyDescription>Rachael Third Party Account</ThirdPartyDescription>
                        <DistributionMethod>U</DistributionMethod>
                        <ThirdPartyAccount>rmutisotp2</ThirdPartyAccount>
                    </ThirdParties>
                </ApplicantDefinedThirdPartyDetails>
                <Attachments>
                    <AttachDocumentCode>AIDF</AttachDocumentCode>
                    <AttachDocumentCodeDesc>Approved IDF</AttachDocumentCodeDesc>
                    <AttachDocumentRefNo>idf</AttachDocumentRefNo>
                    <AttachDocumentInternalRefNo>CD201700KEBSPVOC0000024153_1_idf_5477.pdf</AttachDocumentInternalRefNo>
                </Attachments>
            </CDStandardTwo>
            <CDProductDetails>
                <ItemDetails>
                    <ItemCount>2</ItemCount>
                    <CDProduct1>
                        <ItemNo>1</ItemNo>
                        <ItemDescription>2242424</ItemDescription>
                        <ItemHSCode>7320200000</ItemHSCode>
                        <HSDescription>Iron/Steel helical springs</HSDescription>
                        <Quantity>
                            <Qty>3222.0000</Qty>
                            <UnitOfQty>KG</UnitOfQty>
                        </Quantity>
                        <PackageType>CN</PackageType>
                        <PackageQty>34.00</PackageQty>
                        <ForeignCurrencyCode>AUD</ForeignCurrencyCode>
                        <UnitPriceFCY>0.94</UnitPriceFCY>
                        <TotalPriceFCY>3000.00</TotalPriceFCY>
                        <UnitPriceNCY>53.43</UnitPriceNCY>
                        <CountryOfOrigin>AU</CountryOfOrigin>
                        <TotalPriceNCY>172131.23</TotalPriceNCY>
                        <ItemNetWeight>344543.0000</ItemNetWeight>
                        <ItemGrossWeight>5443232.0000</ItemGrossWeight>
                    </CDProduct1>
                    <CDProduct2>
                        <ApplicantRemarks>ok</ApplicantRemarks>
                    </CDProduct2>
                    <CDItemNonStandard/>
                </ItemDetails>
                <ItemDetails>
                    <ItemCount>2</ItemCount>
                    <CDProduct1>
                        <ItemNo>2</ItemNo>
                        <ItemDescription>2242424</ItemDescription>
                        <ItemHSCode>7320200000</ItemHSCode>
                        <HSDescription>Iron/Steel helical springs</HSDescription>
                        <Quantity>
                            <Qty>343.0000</Qty>
                            <UnitOfQty>KG</UnitOfQty>
                        </Quantity>
                        <PackageType>CN</PackageType>
                        <PackageQty>43.00</PackageQty>
                        <ForeignCurrencyCode>AUD</ForeignCurrencyCode>
                        <UnitPriceFCY>0.98</UnitPriceFCY>
                        <TotalPriceFCY>333.00</TotalPriceFCY>
                        <UnitPriceNCY>55.71</UnitPriceNCY>
                        <CountryOfOrigin>AU</CountryOfOrigin>
                        <TotalPriceNCY>19106.63</TotalPriceNCY>
                        <ItemNetWeight>30.0000</ItemNetWeight>
                        <ItemGrossWeight>35.0000</ItemGrossWeight>
                    </CDProduct1>
                    <CDProduct2>
                        <ApplicantRemarks>ok</ApplicantRemarks>
                    </CDProduct2>
                    <CDItemNonStandard/>
                </ItemDetails>
            </CDProductDetails>
        </ConsignmentDocDetails>
    </DocumentDetails>
    <DocumentSummary>
        <IssuedDateTime>16102017153511</IssuedDateTime>
        <SummaryPageUrl>https://trial.kenyatradenet.go.ke/keswsoga/SummaryPage.mda?ucr=UCR201700047629</SummaryPageUrl>
    </DocumentSummary>
</ConsignmentDocument>
