<?xml version="1.0" encoding="UTF-8" standalone="yes"?>
<ConsignmentDocument>
    <DocumentHeader>
        <DocumentReference>
            <DocumentType>CUSREG</DocumentType>
            <DocumentName>CONSIGNMENT DOCUMENT</DocumentName>
            <DocumentNumber>1018103709000</DocumentNumber>
            <CommonRefNumber>CD201700KEBSPVOC000002417401</CommonRefNumber>
            <MessageType>9</MessageType>
            <SenderID>eoga051</SenderID>
            <RegimeCode>C4</RegimeCode>
            <CMSRegimeCode>I</CMSRegimeCode>
            <ApprovalCategory>PRO</ApprovalCategory>
        </DocumentReference>
        <DocumentExchangeDetails>
            <ReceivingPartyDetails>
                <ReceivingParty>cust006</ReceivingParty>
            </ReceivingPartyDetails>
            <NotifyPartyDetails>
                <NotifyParty>NPM003</NotifyParty>
                <NotifyParty>NPM004</NotifyParty>
            </NotifyPartyDetails>
        </DocumentExchangeDetails>
    </DocumentHeader>
    <DocumentDetails>
        <ConsignmentDocDetails>
            <CDStandard>
                <ServiceProvider>
                    <ApplicationCode>RYC</ApplicationCode>
                    <Name>RYCE E AFRICA LTD</Name>
                    <TIN>P000591376W</TIN>
                    <PhysicalAddress>49729 NAIROBI</PhysicalAddress>
                    <PhyCountry>KE</PhyCountry>
                </ServiceProvider>
                <ApplicationTypeCode>CD</ApplicationTypeCode>
                <ApplicationTypeDescription>Consignment Document</ApplicationTypeDescription>
                <DocumentTypeCode>INR</DocumentTypeCode>
                <CMSDocumentTypeCode>R</CMSDocumentTypeCode>
                <DocumentTypeDescription>Inspection Report</DocumentTypeDescription>
                <ConsignmentTypeCode>C</ConsignmentTypeCode>
                <ConsignmentTypeDescription>Consignment</ConsignmentTypeDescription>
                <MDACode>KEBS</MDACode>
                <MDADescription>Kenya Bureau of Standards</MDADescription>
                <DocumentCode>PVOC</DocumentCode>
                <DocumentDescription>KEBS Inspection and Approval Document</DocumentDescription>
                <ProcessCode>PVOCPR</ProcessCode>
                <ProcessDescription>KEBS Inspection and Approval Process</ProcessDescription>
                <ApplicationDate>20171018</ApplicationDate>
                <UpdatedDate>201710181037</UpdatedDate>
                <ApprovalStatus>PC</ApprovalStatus>
                <ApprovalDate>20171018</ApprovalDate>
                <FinalApprovalDate>201710181037</FinalApprovalDate>
                <ApplicationRefNo>CD201700KEBSPVOC0000024174</ApplicationRefNo>
                <VersionNo>1</VersionNo>
                <UCRNumber>UCR201700047669</UCRNumber>
            </CDStandard>
            <CDImporter>
                <Name>iCMS testing PIN</Name>
                <TIN>P051332767F</TIN>
                <PhysicalAddress>222</PhysicalAddress>
                <PhyCountry>KE</PhyCountry>
                <PostalAddress>222</PostalAddress>
                <PosCountry>KE</PosCountry>
                <TeleFax>12345</TeleFax>
                <Email>grahab@gmail.com</Email>
            </CDImporter>
            <CDConsignee>
                <Name>iCMS testing PIN</Name>
                <TIN>P051332767F</TIN>
                <PhysicalAddress>222</PhysicalAddress>
                <PhyCountry>KE</PhyCountry>
                <PostalAddress>222</PostalAddress>
                <PosCountry>KE</PosCountry>
                <TeleFax>12345</TeleFax>
                <Email>grahab@gmail.com</Email>
                <SectorofActivity>RET</SectorofActivity>
                <WarehouseCode>BMSA95</WarehouseCode>
                <WarehouseLocation>MSA</WarehouseLocation>
            </CDConsignee>
            <CDExporter>
                <Name>RYCE E AFRICA LTD</Name>
                <TIN>P000591376W</TIN>
                <PhysicalAddress>49729 NAIROBI</PhysicalAddress>
                <PhyCountry>KE</PhyCountry>
                <PostalAddress>49729 NAIROBI</PostalAddress>
                <PosCountry>KE</PosCountry>
                <TeleFax>0123</TeleFax>
                <Email>bngumi@kentrade.go.ke</Email>
                <SectorofActivity>MFG</SectorofActivity>
            </CDExporter>
            <CDConsignor>
                <Name>RYCE E AFRICA LTD</Name>
                <TIN>P000591376W</TIN>
                <PhysicalAddress>49729 NAIROBI</PhysicalAddress>
                <PhyCountry>KE</PhyCountry>
                <PostalAddress>49729 NAIROBI</PostalAddress>
                <PosCountry>KE</PosCountry>
                <TeleFax>0123</TeleFax>
                <Email>bngumi@kentrade.go.ke</Email>
            </CDConsignor>
            <CDTransport>
                <ModeOfTransport>S</ModeOfTransport>
                <ModeOfTransportDesc>Sea</ModeOfTransportDesc>
                <PortOfArrival>KEMBA</PortOfArrival>
                <PortOfArrivalDesc>Mombasa</PortOfArrivalDesc>
                <CustomsOffice>IIL</CustomsOffice>
                <CustomsOfficeDesc>INTEPEL INVESTMENTS LTD</CustomsOfficeDesc>
                <FreightStation>IIL</FreightStation>
                <FreightStationDesc>INTERPEL INVESTMENTS LIMITED</FreightStationDesc>
                <CargoTypeIndicator>C</CargoTypeIndicator>
                <ContainerDetails>
                    <Containers>
                        <ContainerNumbers>msku23456</ContainerNumbers>
                        <ContainerNoOfPacakges>500</ContainerNoOfPacakges>
                        <ContainerSize>20P2</ContainerSize>
                        <ContainerSealNo>go2012</ContainerSealNo>
                        <ContainerLoadIndicator>FCL/FCL </ContainerLoadIndicator>
                    </Containers>
                </ContainerDetails>
            </CDTransport>
            <PGAHeaderFields/>
            <CDHeaderOne>
                <ForeignCurrencyCode>USD</ForeignCurrencyCode>
                <ForexRate>103.199</ForexRate>
                <FOBFCY>2000.00</FOBFCY>
                <FreightFCY>0.00</FreightFCY>
                <InsuranceFCY>0.00</InsuranceFCY>
                <OtherChargesFCY>0.00</OtherChargesFCY>
                <CIFFCY>2000.00</CIFFCY>
                <FOBNCY>206398.00</FOBNCY>
                <FreightNCY>0.00</FreightNCY>
                <InsuranceNCY>0.00</InsuranceNCY>
                <OtherChargesNCY>0.00</OtherChargesNCY>
                <CIFNCY>206398.00</CIFNCY>
                <INCOTerms>FOB</INCOTerms>
                <COMESA>N</COMESA>
                <InvoiceDate>20171013</InvoiceDate>
                <InvoiceNumber>250</InvoiceNumber>
                <CountryOfSupply>CN</CountryOfSupply>
            </CDHeaderOne>
            <CDStandardTwo>
                <ApplicantRemarks>OK</ApplicantRemarks>
                <PurposeOfImport>PURPSE2</PurposeOfImport>
                <ApplicantDefinedThirdPartyDetails>
                    <ThirdParties>
                        <ThirdPartyCode>rmutisoTP</ThirdPartyCode>
                        <ThirdPartyDescription>Rachael Third Party Account</ThirdPartyDescription>
                        <DistributionMethod>U</DistributionMethod>
                        <ThirdPartyAccount>rmutisotp2</ThirdPartyAccount>
                    </ThirdParties>
                </ApplicantDefinedThirdPartyDetails>
                <Attachments>
                    <AttachDocumentCode>AIDF</AttachDocumentCode>
                    <AttachDocumentCodeDesc>Approved IDF</AttachDocumentCodeDesc>
                    <AttachDocumentRefNo>E171684231</AttachDocumentRefNo>
                    <AttachDocumentInternalRefNo>CD201700KEBSPVOC0000024174_1_E171684231_5514.docx</AttachDocumentInternalRefNo>
                </Attachments>
            </CDStandardTwo>
            <CDProductDetails>
                <ItemDetails>
                    <ItemCount>1</ItemCount>
                    <CDProduct1>
                        <ItemNo>1</ItemNo>
                        <ItemDescription>Roofing sheets</ItemDescription>
                        <ItemHSCode>0209100000</ItemHSCode>
                        <HSDescription>Pig fat free of lean meat and poultry fat not rendered or otherwise extracted, fresh, chilled, frozen, salted, in brine, dried or smoked.</HSDescription>
                        <Quantity>
                            <Qty>500.0000</Qty>
                            <UnitOfQty>KG</UnitOfQty>
                        </Quantity>
                        <PackageType>BG</PackageType>
                        <PackageQty>500.00</PackageQty>
                        <ForeignCurrencyCode>USD</ForeignCurrencyCode>
                        <UnitPriceFCY>4.00</UnitPriceFCY>
                        <TotalPriceFCY>2000.00</TotalPriceFCY>
                        <UnitPriceNCY>412.80</UnitPriceNCY>
                        <CountryOfOrigin>CN</CountryOfOrigin>
                        <TotalPriceNCY>206398.00</TotalPriceNCY>
                        <ItemNetWeight>1000.0000</ItemNetWeight>
                        <ItemGrossWeight>1005.0000</ItemGrossWeight>
                    </CDProduct1>
                    <CDProduct2>
                        <ApplicantRemarks>OK</ApplicantRemarks>
                    </CDProduct2>
                    <CDItemNonStandard/>
                </ItemDetails>
            </CDProductDetails>
        </ConsignmentDocDetails>
    </DocumentDetails>
    <DocumentSummary>
        <IssuedDateTime>18102017103510</IssuedDateTime>
        <SummaryPageUrl>https://trial.kenyatradenet.go.ke/keswsoga/SummaryPage.mda?ucr=UCR201700047669</SummaryPageUrl>
    </DocumentSummary>
</ConsignmentDocument>
