<?xml version="1.0" encoding="UTF-8" standalone="yes"?>
<ConsignmentDocument>
    <DocumentHeader>
        <DocumentReference>
            <DocumentType>CUSREG</DocumentType>
            <DocumentName>CONSIGNMENT DOCUMENT</DocumentName>
            <DocumentNumber>1004100646000</DocumentNumber>
            <CommonRefNumber>CD201700KEBSPVOC000002410201</CommonRefNumber>
            <MessageType>9</MessageType>
            <SenderID>eoga051</SenderID>
            <RegimeCode>C4</RegimeCode>
            <CMSRegimeCode>I</CMSRegimeCode>
            <ApprovalCategory>PRO</ApprovalCategory>
        </DocumentReference>
        <DocumentExchangeDetails>
            <ReceivingPartyDetails>
                <ReceivingParty>cust006</ReceivingParty>
            </ReceivingPartyDetails>
            <NotifyPartyDetails>
                <NotifyParty>NPM003</NotifyParty>
                <NotifyParty>NPM004</NotifyParty>
            </NotifyPartyDetails>
        </DocumentExchangeDetails>
    </DocumentHeader>
    <DocumentDetails>
        <ConsignmentDocDetails>
            <CDStandard>
                <ServiceProvider>
                    <ApplicationCode>CA</ApplicationCode>
                    <Name>ICMS CLEARING AGENT P051332767F</Name>
                    <TIN>P051332767F</TIN>
                    <PhysicalAddress>fFfffdDD</PhysicalAddress>
                    <PhyCountry>KE</PhyCountry>
                </ServiceProvider>
                <ApplicationTypeCode>CD</ApplicationTypeCode>
                <ApplicationTypeDescription>Consignment Document</ApplicationTypeDescription>
                <DocumentTypeCode>INR</DocumentTypeCode>
                <CMSDocumentTypeCode>R</CMSDocumentTypeCode>
                <DocumentTypeDescription>Inspection Report</DocumentTypeDescription>
                <ConsignmentTypeCode>C</ConsignmentTypeCode>
                <ConsignmentTypeDescription>Consignment</ConsignmentTypeDescription>
                <MDACode>KEBS</MDACode>
                <MDADescription>Kenya Bureau of Standards</MDADescription>
                <DocumentCode>PVOC</DocumentCode>
                <DocumentDescription>KEBS Inspection and Approval Document</DocumentDescription>
                <ProcessCode>PVOCPR</ProcessCode>
                <ProcessDescription>KEBS Inspection and Approval Process</ProcessDescription>
                <ApplicationDate>20171004</ApplicationDate>
                <UpdatedDate>201710041006</UpdatedDate>
                <ApprovalStatus>PP - Processing Fee Payment Due</ApprovalStatus>
                <ApprovalDate>20171004</ApprovalDate>
                <FinalApprovalDate>201710041006</FinalApprovalDate>
                <ApplicationRefNo>CD201700KEBSPVOC0000024102</ApplicationRefNo>
                <VersionNo>1</VersionNo>
                <UCRNumber>UCR201700047070</UCRNumber>
            </CDStandard>
            <CDImporter>
                <Name>iCMS testing PIN</Name>
                <TIN>P051332767F</TIN>
                <PhysicalAddress>222</PhysicalAddress>
                <PhyCountry>KE</PhyCountry>
                <PostalAddress>222</PostalAddress>
                <PosCountry>KE</PosCountry>
                <TeleFax>0</TeleFax>
                <Email>BNGUMI@KENTRADE.GO.KE</Email>
                <SectorofActivity>TRD</SectorofActivity>
                <WarehouseCode>AFRICOFF</WarehouseCode>
                <WarehouseLocation>NBI</WarehouseLocation>
            </CDImporter>
            <CDConsignee>
                <Name>iCMS testing PIN</Name>
                <TIN>P051332767F</TIN>
                <PhysicalAddress>222</PhysicalAddress>
                <PhyCountry>KE</PhyCountry>
                <PostalAddress>222</PostalAddress>
                <PosCountry>KE</PosCountry>
                <TeleFax>0</TeleFax>
                <Email>BNGUMI@KENTRADE.GO.KE</Email>
                <SectorofActivity>TRD</SectorofActivity>
                <WarehouseCode>AFRICOFF</WarehouseCode>
                <WarehouseLocation>NBI</WarehouseLocation>
            </CDConsignee>
            <CDExporter>
                <Name>ICMS CLEARING AGENT P051332767F</Name>
                <TIN>P051332767F</TIN>
                <PhysicalAddress>fFfffdDD</PhysicalAddress>
                <PhyCountry>KE</PhyCountry>
                <PostalAddress>fFfffdDD</PostalAddress>
                <PosCountry>KE</PosCountry>
                <TeleFax>34534534</TeleFax>
                <Email>BNGUMI@KENTRADE.GO.KE</Email>
                <SectorofActivity>TRD</SectorofActivity>
            </CDExporter>
            <CDConsignor>
                <Name>ICMS CLEARING AGENT P051332767F</Name>
                <TIN>P051332767F</TIN>
                <PhysicalAddress>fFfffdDD</PhysicalAddress>
                <PhyCountry>KE</PhyCountry>
                <PostalAddress>fFfffdDD</PostalAddress>
                <PosCountry>KE</PosCountry>
                <TeleFax>34534534</TeleFax>
                <Email>BNGUMI@KENTRADE.GO.KE</Email>
                <SectorofActivity>TRD</SectorofActivity>
                <WarehouseCode>AFRICOFF</WarehouseCode>
                <WarehouseLocation>NBI</WarehouseLocation>
            </CDConsignor>
            <CDTransport>
                <ModeOfTransport>S</ModeOfTransport>
                <ModeOfTransportDesc>Sea</ModeOfTransportDesc>
                <PortOfArrival>KEMBA</PortOfArrival>
                <PortOfArrivalDesc>Mombasa</PortOfArrivalDesc>
                <CustomsOffice>ADY</CustomsOffice>
                <CustomsOfficeDesc>ANDY FORWARDERS</CustomsOfficeDesc>
                <FreightStation>BP2</FreightStation>
                <FreightStationDesc>MITCHELL COTTS SHIPPING CFS</FreightStationDesc>
                <CargoTypeIndicator>B</CargoTypeIndicator>
            </CDTransport>
            <PGAHeaderFields/>
            <CDHeaderOne>
                <ForeignCurrencyCode>USD</ForeignCurrencyCode>
                <ForexRate>100.954</ForexRate>
                <FOBFCY>5000.00</FOBFCY>
                <FreightFCY>0.00</FreightFCY>
                <InsuranceFCY>0.00</InsuranceFCY>
                <OtherChargesFCY>0.00</OtherChargesFCY>
                <CIFFCY>5000.00</CIFFCY>
                <FOBNCY>504770.00</FOBNCY>
                <FreightNCY>0.00</FreightNCY>
                <InsuranceNCY>0.00</InsuranceNCY>
                <OtherChargesNCY>0.00</OtherChargesNCY>
                <CIFNCY>504770.00</CIFNCY>
                <INCOTerms>CIF</INCOTerms>
                <COMESA>N</COMESA>
                <InvoiceDate>20170904</InvoiceDate>
                <InvoiceNumber>22555</InvoiceNumber>
                <CountryOfSupply>JP</CountryOfSupply>
            </CDHeaderOne>
            <CDStandardTwo>
                <PurposeOfImport>P</PurposeOfImport>
                <ApplicantDefinedThirdPartyDetails>
                    <ThirdParties>
                        <ThirdPartyCode>rmutisoTP</ThirdPartyCode>
                        <ThirdPartyDescription>Rachael Third Party Account</ThirdPartyDescription>
                        <DistributionMethod>U</DistributionMethod>
                        <ThirdPartyAccount>rmutisotp2</ThirdPartyAccount>
                    </ThirdParties>
                </ApplicantDefinedThirdPartyDetails>
                <Attachments>
                    <AttachDocumentCode>AIDF</AttachDocumentCode>
                    <AttachDocumentCodeDesc>Approved IDF</AttachDocumentCodeDesc>
                    <AttachDocumentRefNo>25556</AttachDocumentRefNo>
                    <AttachDocumentInternalRefNo>CD201700KEBSPVOC0000024102_1_25556_5409.pdf</AttachDocumentInternalRefNo>
                </Attachments>
            </CDStandardTwo>
            <CDProductDetails>
                <ItemDetails>
                    <ItemCount>1</ItemCount>
                    <CDProduct1>
                        <ItemNo>1</ItemNo>
                        <ItemDescription>USED TOYOTA HIACE VAN YEAR APRIL 2010 CC 2980 CLR SILVER RHD</ItemDescription>
                        <ItemHSCode>8703339000</ItemHSCode>
                        <HSDescription>Other vehicles, with compression-ignition internal combustion piston engine (diesel or semi-diesel), of a cylinder capacity exceeding 2,500 cc, assembled.</HSDescription>
                        <ProductClassCode>A</ProductClassCode>
                        <ProductClassDescription>Class A</ProductClassDescription>
                        <Quantity>
                            <Qty>1.0000</Qty>
                            <UnitOfQty>VEH</UnitOfQty>
                        </Quantity>
                        <SupplementryQuantity>
                            <Qty>1.0000</Qty>
                            <UnitOfQty>UN</UnitOfQty>
                        </SupplementryQuantity>
                        <PackageType>OT</PackageType>
                        <PackageQty>1.00</PackageQty>
                        <ForeignCurrencyCode>USD</ForeignCurrencyCode>
                        <UnitPriceFCY>5000.00</UnitPriceFCY>
                        <TotalPriceFCY>5000.00</TotalPriceFCY>
                        <UnitPriceNCY>504770.00</UnitPriceNCY>
                        <CountryOfOrigin>JP</CountryOfOrigin>
                        <TotalPriceNCY>504770.00</TotalPriceNCY>
                        <ItemNetWeight>2000.0000</ItemNetWeight>
                        <ItemGrossWeight>2000.0000</ItemGrossWeight>
                    </CDProduct1>
                    <CDProduct2>
                        <ApplicantRemarks>CLR SILVER RHD</ApplicantRemarks>
                    </CDProduct2>
                    <CDItemNonStandard>
                        <ChassisNo>KDH206-8024964</ChassisNo>
                        <usedIndicator>Used</usedIndicator>
                        <vehicleYear>2010</vehicleYear>
                        <vehicleModel>11-Highlander Hybrid</vehicleModel>
                        <vehicleMake>43-Toyota</vehicleMake>
                    </CDItemNonStandard>
                </ItemDetails>
            </CDProductDetails>
        </ConsignmentDocDetails>
    </DocumentDetails>
    <DocumentSummary>
        <IssuedDateTime>04102017100527</IssuedDateTime>
        <SummaryPageUrl>https://trial.kenyatradenet.go.ke/keswsoga/SummaryPage.mda?ucr=UCR201700047070</SummaryPageUrl>
    </DocumentSummary>
</ConsignmentDocument>
