<?xml version="1.0" encoding="UTF-8" standalone="yes"?>
<ConsignmentDocument>
    <DocumentHeader>
        <DocumentReference>
            <DocumentType>CUSREG</DocumentType>
            <DocumentName>CONSIGNMENT DOCUMENT</DocumentName>
            <DocumentNumber>1018104009000</DocumentNumber>
            <CommonRefNumber>CD201700KEBSPVOC000002418301</CommonRefNumber>
            <MessageType>9</MessageType>
            <SenderID>eoga051</SenderID>
            <RegimeCode>C4</RegimeCode>
            <CMSRegimeCode>I</CMSRegimeCode>
            <ApprovalCategory>PRO</ApprovalCategory>
        </DocumentReference>
        <DocumentExchangeDetails>
            <ReceivingPartyDetails>
                <ReceivingParty>cust006</ReceivingParty>
            </ReceivingPartyDetails>
            <NotifyPartyDetails>
                <NotifyParty>NPM003</NotifyParty>
                <NotifyParty>NPM004</NotifyParty>
            </NotifyPartyDetails>
        </DocumentExchangeDetails>
    </DocumentHeader>
    <DocumentDetails>
        <ConsignmentDocDetails>
            <CDStandard>
                <ServiceProvider>
                    <ApplicationCode>RYC</ApplicationCode>
                    <Name>RYCE E AFRICA LTD</Name>
                    <TIN>P000591376W</TIN>
                    <PhysicalAddress>49729 NAIROBI</PhysicalAddress>
                    <PhyCountry>KE</PhyCountry>
                </ServiceProvider>
                <ApplicationTypeCode>CD</ApplicationTypeCode>
                <ApplicationTypeDescription>Consignment Document</ApplicationTypeDescription>
                <DocumentTypeCode>INR</DocumentTypeCode>
                <CMSDocumentTypeCode>R</CMSDocumentTypeCode>
                <DocumentTypeDescription>Inspection Report</DocumentTypeDescription>
                <ConsignmentTypeCode>C</ConsignmentTypeCode>
                <ConsignmentTypeDescription>Consignment</ConsignmentTypeDescription>
                <MDACode>KEBS</MDACode>
                <MDADescription>Kenya Bureau of Standards</MDADescription>
                <DocumentCode>PVOC</DocumentCode>
                <DocumentDescription>KEBS Inspection and Approval Document</DocumentDescription>
                <ProcessCode>PVOCPR</ProcessCode>
                <ProcessDescription>KEBS Inspection and Approval Process</ProcessDescription>
                <ApplicationDate>20171018</ApplicationDate>
                <UpdatedDate>201710181040</UpdatedDate>
                <ApprovalStatus>PC</ApprovalStatus>
                <ApprovalDate>20171018</ApprovalDate>
                <FinalApprovalDate>201710181040</FinalApprovalDate>
                <ApplicationRefNo>CD201700KEBSPVOC0000024183</ApplicationRefNo>
                <VersionNo>1</VersionNo>
                <UCRNumber>UCR201700047683</UCRNumber>
            </CDStandard>
            <CDImporter>
                <Name>RYCE E AFRICA LTD</Name>
                <TIN>P000591376W</TIN>
                <PhysicalAddress>49729 NAIROBI</PhysicalAddress>
                <PhyCountry>KE</PhyCountry>
                <PostalAddress>49729 NAIROBI</PostalAddress>
                <PosCountry>KE</PosCountry>
                <TeleFax>0</TeleFax>
                <Email>bngumi@kentrade.go.ke</Email>
                <WarehouseCode>AIRFLOL</WarehouseCode>
                <WarehouseLocation>MSA</WarehouseLocation>
            </CDImporter>
            <CDConsignee>
                <Name>RYCE E AFRICA LTD</Name>
                <TIN>P000591376W</TIN>
                <PhysicalAddress>49729 NAIROBI</PhysicalAddress>
                <PhyCountry>KE</PhyCountry>
                <PostalAddress>49729 NAIROBI</PostalAddress>
                <PosCountry>KE</PosCountry>
                <TeleFax>0</TeleFax>
                <Email>bngumi@kentrade.go.ke</Email>
            </CDConsignee>
            <CDExporter>
                <Name>TRADER</Name>
                <TIN>P000000000N</TIN>
                <PhysicalAddress>NAIROBI KENYA</PhysicalAddress>
                <PhyCountry>KE</PhyCountry>
                <PostalAddress>NAIROBI KENYA</PostalAddress>
                <PosCountry>KE</PosCountry>
                <TeleFax>0</TeleFax>
                <Email>kitoooo@yahoo.com</Email>
                <SectorofActivity>MFG</SectorofActivity>
                <WarehouseCode>BELD92</WarehouseCode>
                <WarehouseLocation>ELD</WarehouseLocation>
            </CDExporter>
            <CDConsignor>
                <Name>TRADER</Name>
                <TIN>P000000000N</TIN>
                <PhysicalAddress>NAIROBI KENYA</PhysicalAddress>
                <PhyCountry>KE</PhyCountry>
                <PostalAddress>NAIROBI KENYA</PostalAddress>
                <PosCountry>KE</PosCountry>
                <TeleFax>0</TeleFax>
                <Email>kitoooo@yahoo.com</Email>
                <SectorofActivity>MFG</SectorofActivity>
                <WarehouseCode>BELD92</WarehouseCode>
                <WarehouseLocation>ELD</WarehouseLocation>
            </CDConsignor>
            <CDTransport>
                <ModeOfTransport>S</ModeOfTransport>
                <ModeOfTransportDesc>Sea</ModeOfTransportDesc>
                <PortOfArrival>KEMBA</PortOfArrival>
                <PortOfArrivalDesc>Mombasa</PortOfArrivalDesc>
                <CustomsOffice>FFK</CustomsOffice>
                <CustomsOfficeDesc>CONSOLBASE LIMITED</CustomsOfficeDesc>
                <FreightStation>FFK</FreightStation>
                <FreightStationDesc>CONSOLEBASE LTD</FreightStationDesc>
                <CargoTypeIndicator>B</CargoTypeIndicator>
            </CDTransport>
            <PGAHeaderFields/>
            <CDHeaderOne>
                <ForeignCurrencyCode>KES</ForeignCurrencyCode>
                <ForexRate>1</ForexRate>
                <FOBFCY>40000.00</FOBFCY>
                <FreightFCY>0.00</FreightFCY>
                <InsuranceFCY>0.00</InsuranceFCY>
                <OtherChargesFCY>0.00</OtherChargesFCY>
                <CIFFCY>40000.00</CIFFCY>
                <FOBNCY>40000.00</FOBNCY>
                <FreightNCY>0.00</FreightNCY>
                <InsuranceNCY>0.00</InsuranceNCY>
                <OtherChargesNCY>0.00</OtherChargesNCY>
                <CIFNCY>40000.00</CIFNCY>
                <INCOTerms>CIF</INCOTerms>
                <COMESA>N</COMESA>
                <InvoiceDate>20171018</InvoiceDate>
                <InvoiceNumber>101</InvoiceNumber>
                <CountryOfSupply>AO</CountryOfSupply>
            </CDHeaderOne>
            <CDStandardTwo>
                <ApplicantRemarks>trading</ApplicantRemarks>
                <PurposeOfImport>PURPSE1</PurposeOfImport>
                <ApplicantDefinedThirdPartyDetails>
                    <ThirdParties>
                        <ThirdPartyCode>rmutisoTP</ThirdPartyCode>
                        <ThirdPartyDescription>Rachael Third Party Account</ThirdPartyDescription>
                        <DistributionMethod>U</DistributionMethod>
                        <ThirdPartyAccount>rmutisotp2</ThirdPartyAccount>
                    </ThirdParties>
                </ApplicantDefinedThirdPartyDetails>
                <Attachments>
                    <AttachDocumentCode>AIDF</AttachDocumentCode>
                    <AttachDocumentCodeDesc>Approved IDF</AttachDocumentCodeDesc>
                    <AttachDocumentRefNo>11</AttachDocumentRefNo>
                    <AttachDocumentInternalRefNo>CD201700KEBSPVOC0000024183_1_11_5519.xls</AttachDocumentInternalRefNo>
                </Attachments>
            </CDStandardTwo>
            <CDProductDetails>
                <ItemDetails>
                    <ItemCount>1</ItemCount>
                    <CDProduct1>
                        <ItemNo>1</ItemNo>
                        <ItemDescription>tractor spares</ItemDescription>
                        <ItemHSCode>1006100000</ItemHSCode>
                        <HSDescription>Rice in the husk (paddy or rough)</HSDescription>
                        <Quantity>
                            <Qty>50.0000</Qty>
                            <UnitOfQty>KG</UnitOfQty>
                        </Quantity>
                        <PackageType>BE</PackageType>
                        <PackageQty>50.00</PackageQty>
                        <ForeignCurrencyCode>KES</ForeignCurrencyCode>
                        <UnitPriceFCY>800.00</UnitPriceFCY>
                        <TotalPriceFCY>40000.00</TotalPriceFCY>
                        <UnitPriceNCY>800.00</UnitPriceNCY>
                        <CountryOfOrigin>GH</CountryOfOrigin>
                        <TotalPriceNCY>40000.00</TotalPriceNCY>
                        <ItemNetWeight>50.0000</ItemNetWeight>
                        <ItemGrossWeight>50.0000</ItemGrossWeight>
                    </CDProduct1>
                    <CDProduct2>
                        <ApplicantRemarks>for sale</ApplicantRemarks>
                    </CDProduct2>
                    <CDItemNonStandard/>
                </ItemDetails>
            </CDProductDetails>
        </ConsignmentDocDetails>
    </DocumentDetails>
    <DocumentSummary>
        <IssuedDateTime>18102017104009</IssuedDateTime>
        <SummaryPageUrl>https://trial.kenyatradenet.go.ke/keswsoga/SummaryPage.mda?ucr=UCR201700047683</SummaryPageUrl>
    </DocumentSummary>
</ConsignmentDocument>
