<?xml version="1.0" encoding="UTF-8" standalone="yes"?>
<ConsignmentDocument>
    <DocumentHeader>
        <DocumentReference>
            <DocumentType>CUSREG</DocumentType>
            <DocumentName>CONSIGNMENT DOCUMENT</DocumentName>
            <DocumentNumber>1018113153000</DocumentNumber>
            <CommonRefNumber>CD201700KEBSPVOC000002418601</CommonRefNumber>
            <MessageType>9</MessageType>
            <SenderID>eoga051</SenderID>
            <RegimeCode>C4</RegimeCode>
            <CMSRegimeCode>I</CMSRegimeCode>
            <ApprovalCategory>PRO</ApprovalCategory>
        </DocumentReference>
        <DocumentExchangeDetails>
            <ReceivingPartyDetails>
                <ReceivingParty>cust006</ReceivingParty>
            </ReceivingPartyDetails>
            <NotifyPartyDetails>
                <NotifyParty>NPM003</NotifyParty>
                <NotifyParty>NPM004</NotifyParty>
            </NotifyPartyDetails>
        </DocumentExchangeDetails>
    </DocumentHeader>
    <DocumentDetails>
        <ConsignmentDocDetails>
            <CDStandard>
                <ServiceProvider>
                    <ApplicationCode>RYC</ApplicationCode>
                    <Name>RYCE E AFRICA LTD</Name>
                    <TIN>P000591376W</TIN>
                    <PhysicalAddress>49729 NAIROBI</PhysicalAddress>
                    <PhyCountry>KE</PhyCountry>
                </ServiceProvider>
                <ApplicationTypeCode>CD</ApplicationTypeCode>
                <ApplicationTypeDescription>Consignment Document</ApplicationTypeDescription>
                <DocumentTypeCode>INR</DocumentTypeCode>
                <CMSDocumentTypeCode>R</CMSDocumentTypeCode>
                <DocumentTypeDescription>Inspection Report</DocumentTypeDescription>
                <ConsignmentTypeCode>C</ConsignmentTypeCode>
                <ConsignmentTypeDescription>Consignment</ConsignmentTypeDescription>
                <MDACode>KEBS</MDACode>
                <MDADescription>Kenya Bureau of Standards</MDADescription>
                <DocumentCode>PVOC</DocumentCode>
                <DocumentDescription>KEBS Inspection and Approval Document</DocumentDescription>
                <ProcessCode>PVOCPR</ProcessCode>
                <ProcessDescription>KEBS Inspection and Approval Process</ProcessDescription>
                <ApplicationDate>20171018</ApplicationDate>
                <UpdatedDate>201710181131</UpdatedDate>
                <ApprovalStatus>PC</ApprovalStatus>
                <ApprovalDate>20171018</ApprovalDate>
                <FinalApprovalDate>201710181131</FinalApprovalDate>
                <ApplicationRefNo>CD201700KEBSPVOC0000024186</ApplicationRefNo>
                <VersionNo>1</VersionNo>
                <UCRNumber>UCR201700047688</UCRNumber>
            </CDStandard>
            <CDImporter>
                <Name>SIAMANDA DUTY FREE LIMITED</Name>
                <TIN>P051161245J</TIN>
                <PhysicalAddress>47291, NAIROBI</PhysicalAddress>
                <PhyCountry>KE</PhyCountry>
                <PostalAddress>47291, NAIROBI</PostalAddress>
                <PosCountry>KE</PosCountry>
                <TeleFax>0</TeleFax>
                <Email>makokham@kebs.org</Email>
            </CDImporter>
            <CDConsignee>
                <Name>SIAMANDA DUTY FREE LIMITED</Name>
                <TIN>P051161245J</TIN>
                <PhysicalAddress>47291, NAIROBI</PhysicalAddress>
                <PostalAddress>47291, NAIROBI</PostalAddress>
                <TeleFax>0</TeleFax>
                <Email>makokham@kebs.org</Email>
            </CDConsignee>
            <CDExporter>
                <Name>SIAMANDA DUTY FREE LIMITED</Name>
                <TIN>P051161245J</TIN>
                <PhysicalAddress>47291, NAIROBI</PhysicalAddress>
                <PhyCountry>CN</PhyCountry>
                <PostalAddress>47291, NAIROBI</PostalAddress>
                <PosCountry>CN</PosCountry>
                <TeleFax>2226365</TeleFax>
                <Email>makokham@kebs.org</Email>
                <SectorofActivity>MFG</SectorofActivity>
                <WarehouseCode>AFRICOFF</WarehouseCode>
                <WarehouseLocation>NBI</WarehouseLocation>
            </CDExporter>
            <CDConsignor>
                <Name>SIAMANDA DUTY FREE LIMITED</Name>
                <TIN>P051161245J</TIN>
                <PhysicalAddress>47291, NAIROBI</PhysicalAddress>
                <PostalAddress>47291, NAIROBI</PostalAddress>
                <TeleFax>0</TeleFax>
                <Email>makokham@kebs.org</Email>
            </CDConsignor>
            <CDTransport>
                <ModeOfTransport>S</ModeOfTransport>
                <ModeOfTransportDesc>Sea</ModeOfTransportDesc>
                <PortOfArrival>KEMBA</PortOfArrival>
                <PortOfArrivalDesc>Mombasa</PortOfArrivalDesc>
                <CustomsOffice>AWD</CustomsOffice>
                <CustomsOfficeDesc>AWANAND</CustomsOfficeDesc>
                <FreightStation>AWD</FreightStation>
                <FreightStationDesc>AWANAD LIMITED</FreightStationDesc>
                <CargoTypeIndicator>G</CargoTypeIndicator>
            </CDTransport>
            <PGAHeaderFields/>
            <CDHeaderOne>
                <ForeignCurrencyCode>USD</ForeignCurrencyCode>
                <ForexRate>103.199</ForexRate>
                <FOBFCY>80610.50</FOBFCY>
                <FreightFCY>0.00</FreightFCY>
                <InsuranceFCY>0.00</InsuranceFCY>
                <OtherChargesFCY>0.00</OtherChargesFCY>
                <CIFFCY>80610.50</CIFFCY>
                <FOBNCY>8318922.99</FOBNCY>
                <FreightNCY>0.00</FreightNCY>
                <InsuranceNCY>0.00</InsuranceNCY>
                <OtherChargesNCY>0.00</OtherChargesNCY>
                <CIFNCY>8318922.99</CIFNCY>
                <INCOTerms>CIF</INCOTerms>
                <COMESA>N</COMESA>
                <InvoiceDate>20170518</InvoiceDate>
                <InvoiceNumber>1234567</InvoiceNumber>
                <CountryOfSupply>CN</CountryOfSupply>
            </CDHeaderOne>
            <CDStandardTwo>
                <ApplicantRemarks>deliver on time</ApplicantRemarks>
                <PurposeOfImport>PURPSE2</PurposeOfImport>
                <ApplicantDefinedThirdPartyDetails>
                    <ThirdParties>
                        <ThirdPartyCode>rmutisoTP</ThirdPartyCode>
                        <ThirdPartyDescription>Rachael Third Party Account</ThirdPartyDescription>
                        <DistributionMethod>U</DistributionMethod>
                        <ThirdPartyAccount>rmutisotp2</ThirdPartyAccount>
                    </ThirdParties>
                </ApplicantDefinedThirdPartyDetails>
                <Attachments>
                    <AttachDocumentCode>AIDF</AttachDocumentCode>
                    <AttachDocumentCodeDesc>Approved IDF</AttachDocumentCodeDesc>
                    <AttachDocumentRefNo>E1707966665</AttachDocumentRefNo>
                    <AttachDocumentInternalRefNo>CD201700KEBSPVOC0000024186_1_E1707966665_5528.xls</AttachDocumentInternalRefNo>
                </Attachments>
            </CDStandardTwo>
            <CDProductDetails>
                <ItemDetails>
                    <ItemCount>1</ItemCount>
                    <CDProduct1>
                        <ItemNo>1</ItemNo>
                        <ItemDescription>assorted items</ItemDescription>
                        <ItemHSCode>8535100000</ItemHSCode>
                        <HSDescription>Fuses, &gt;1000 v</HSDescription>
                        <Quantity>
                            <Qty>1000.0000</Qty>
                            <UnitOfQty>KG</UnitOfQty>
                        </Quantity>
                        <PackageType>CN</PackageType>
                        <PackageQty>10.00</PackageQty>
                        <ForeignCurrencyCode>USD</ForeignCurrencyCode>
                        <UnitPriceFCY>80.62</UnitPriceFCY>
                        <TotalPriceFCY>80610.50</TotalPriceFCY>
                        <UnitPriceNCY>8318.93</UnitPriceNCY>
                        <CountryOfOrigin>CN</CountryOfOrigin>
                        <TotalPriceNCY>8318922.99</TotalPriceNCY>
                        <ItemNetWeight>1000.0000</ItemNetWeight>
                        <ItemGrossWeight>1200.0000</ItemGrossWeight>
                    </CDProduct1>
                    <CDProduct2>
                        <ApplicantRemarks>deliver</ApplicantRemarks>
                    </CDProduct2>
                    <CDItemNonStandard/>
                </ItemDetails>
            </CDProductDetails>
        </ConsignmentDocDetails>
    </DocumentDetails>
    <DocumentSummary>
        <IssuedDateTime>18102017113006</IssuedDateTime>
        <SummaryPageUrl>https://trial.kenyatradenet.go.ke/keswsoga/SummaryPage.mda?ucr=UCR201700047688</SummaryPageUrl>
    </DocumentSummary>
</ConsignmentDocument>
