<?xml version="1.0" encoding="UTF-8" standalone="yes"?>
<ConsignmentDocument>
    <DocumentHeader>
        <DocumentReference>
            <DocumentType>CUSREG</DocumentType>
            <DocumentName>CONSIGNMENT DOCUMENT</DocumentName>
            <DocumentNumber>0926164054000</DocumentNumber>
            <CommonRefNumber>CD201700KEBSPVOC000002400701</CommonRefNumber>
            <MessageType>9</MessageType>
            <SenderID>eoga051</SenderID>
            <RegimeCode>C4</RegimeCode>
            <CMSRegimeCode>I</CMSRegimeCode>
            <ApprovalCategory>PRO</ApprovalCategory>
        </DocumentReference>
        <DocumentExchangeDetails>
            <ReceivingPartyDetails>
                <ReceivingParty>cust006</ReceivingParty>
            </ReceivingPartyDetails>
            <NotifyPartyDetails>
                <NotifyParty>NPM003</NotifyParty>
                <NotifyParty>NPM004</NotifyParty>
            </NotifyPartyDetails>
        </DocumentExchangeDetails>
    </DocumentHeader>
    <DocumentDetails>
        <ConsignmentDocDetails>
            <CDStandard>
                <ServiceProvider>
                    <ApplicationCode>CA</ApplicationCode>
                    <Name>ICMS CLEARING AGENT P051332767F</Name>
                    <TIN>P051332767F</TIN>
                    <PhysicalAddress>fFfffdDD</PhysicalAddress>
                    <PhyCountry>KE</PhyCountry>
                </ServiceProvider>
                <ApplicationTypeCode>CD</ApplicationTypeCode>
                <ApplicationTypeDescription>Consignment Document</ApplicationTypeDescription>
                <DocumentTypeCode>INR</DocumentTypeCode>
                <CMSDocumentTypeCode>R</CMSDocumentTypeCode>
                <DocumentTypeDescription>Inspection Report</DocumentTypeDescription>
                <ConsignmentTypeCode>C</ConsignmentTypeCode>
                <ConsignmentTypeDescription>Consignment</ConsignmentTypeDescription>
                <MDACode>KEBS</MDACode>
                <MDADescription>Kenya Bureau of Standards</MDADescription>
                <DocumentCode>PVOC</DocumentCode>
                <DocumentDescription>KEBS Inspection and Approval Document</DocumentDescription>
                <ProcessCode>PVOCPR</ProcessCode>
                <ProcessDescription>KEBS Inspection and Approval Process</ProcessDescription>
                <ApplicationDate>20170926</ApplicationDate>
                <UpdatedDate>201709261640</UpdatedDate>
                <ApprovalStatus>PP - Processing Fee Payment Due</ApprovalStatus>
                <ApprovalDate>20170926</ApprovalDate>
                <FinalApprovalDate>201709261641</FinalApprovalDate>
                <ApplicationRefNo>CD201700KEBSPVOC0000024007</ApplicationRefNo>
                <VersionNo>1</VersionNo>
                <UCRNumber>UCR201700047071</UCRNumber>
            </CDStandard>
            <CDImporter>
                <Name>NAIROBI DECORATORS LTD</Name>
                <TIN>P000593757E</TIN>
                <PhysicalAddress>23012, NAIROBI</PhysicalAddress>
                <PhyCountry>JP</PhyCountry>
                <PostalAddress>23012, NAIROBI</PostalAddress>
                <PosCountry>JP</PosCountry>
                <TeleFax>0</TeleFax>
                <Email>BNGUMI@KENTRADE.GO.KE</Email>
            </CDImporter>
            <CDConsignee>
                <Name>NAIROBI DECORATORS LTD</Name>
                <TIN>P000593757E</TIN>
                <PhysicalAddress>23012, NAIROBI</PhysicalAddress>
                <PhyCountry>JP</PhyCountry>
                <PostalAddress>23012, NAIROBI</PostalAddress>
                <PosCountry>JP</PosCountry>
                <TeleFax>0</TeleFax>
                <Email>BNGUMI@KENTRADE.GO.KE</Email>
                <WarehouseCode>AFRICOFF</WarehouseCode>
                <WarehouseLocation>NBI</WarehouseLocation>
            </CDConsignee>
            <CDExporter>
                <Name>ICMS CLEARING AGENT P051332767F</Name>
                <TIN>P051332767F</TIN>
                <PhysicalAddress>fFfffdDD</PhysicalAddress>
                <PhyCountry>KE</PhyCountry>
                <PostalAddress>fFfffdDD</PostalAddress>
                <PosCountry>KE</PosCountry>
                <TeleFax>34534534</TeleFax>
                <Email>BNGUMI@KENTRADE.GO.KE</Email>
                <SectorofActivity>TRD</SectorofActivity>
                <WarehouseCode>AFRICOFF</WarehouseCode>
                <WarehouseLocation>NBI</WarehouseLocation>
            </CDExporter>
            <CDConsignor>
                <Name>ICMS CLEARING AGENT P051332767F</Name>
                <TIN>P051332767F</TIN>
                <PhysicalAddress>fFfffdDD</PhysicalAddress>
                <PhyCountry>KE</PhyCountry>
                <PostalAddress>fFfffdDD</PostalAddress>
                <PosCountry>KE</PosCountry>
                <TeleFax>34534534</TeleFax>
                <Email>BNGUMI@KENTRADE.GO.KE</Email>
                <SectorofActivity>TRD</SectorofActivity>
                <WarehouseCode>AFRICOFF</WarehouseCode>
                <WarehouseLocation>NBI</WarehouseLocation>
            </CDConsignor>
            <CDTransport>
                <ModeOfTransport>S</ModeOfTransport>
                <ModeOfTransportDesc>Sea</ModeOfTransportDesc>
                <PortOfArrival>KEMBA</PortOfArrival>
                <PortOfArrivalDesc>Mombasa</PortOfArrivalDesc>
                <CustomsOffice>KEN</CustomsOffice>
                <CustomsOfficeDesc>KENCONT</CustomsOfficeDesc>
                <FreightStation>KEN</FreightStation>
                <FreightStationDesc>KENCONT LOGISTICS SERVICES LTD</FreightStationDesc>
                <CargoTypeIndicator>B</CargoTypeIndicator>
            </CDTransport>
            <PGAHeaderFields/>
            <CDHeaderOne>
                <ForeignCurrencyCode>USD</ForeignCurrencyCode>
                <ForexRate>100.954</ForexRate>
                <FOBFCY>3500.00</FOBFCY>
                <FreightFCY>0.00</FreightFCY>
                <InsuranceFCY>0.00</InsuranceFCY>
                <OtherChargesFCY>0.00</OtherChargesFCY>
                <CIFFCY>3500.00</CIFFCY>
                <FOBNCY>353339.00</FOBNCY>
                <FreightNCY>0.00</FreightNCY>
                <InsuranceNCY>0.00</InsuranceNCY>
                <OtherChargesNCY>0.00</OtherChargesNCY>
                <CIFNCY>353339.00</CIFNCY>
                <INCOTerms>CIF</INCOTerms>
                <COMESA>N</COMESA>
                <InvoiceDate>20170901</InvoiceDate>
                <InvoiceNumber>25656</InvoiceNumber>
                <CountryOfSupply>JP</CountryOfSupply>
            </CDHeaderOne>
            <CDStandardTwo>
                <PurposeOfImport>P</PurposeOfImport>
                <ApplicantDefinedThirdPartyDetails>
                    <ThirdParties>
                        <ThirdPartyCode>rmutisoTP</ThirdPartyCode>
                        <ThirdPartyDescription>Rachael Third Party Account</ThirdPartyDescription>
                        <DistributionMethod>U</DistributionMethod>
                        <ThirdPartyAccount>rmutisotp2</ThirdPartyAccount>
                    </ThirdParties>
                </ApplicantDefinedThirdPartyDetails>
                <Attachments>
                    <AttachDocumentCode>AIDF</AttachDocumentCode>
                    <AttachDocumentCodeDesc>Approved IDF</AttachDocumentCodeDesc>
                    <AttachDocumentRefNo>8767</AttachDocumentRefNo>
                    <AttachDocumentInternalRefNo>CD201700KEBSPVOC0000024007_1_8767_5296.pdf</AttachDocumentInternalRefNo>
                </Attachments>
            </CDStandardTwo>
            <CDProductDetails>
                <ItemDetails>
                    <ItemCount>1</ItemCount>
                    <CDProduct1>
                        <ItemNo>1</ItemNo>
                        <ItemDescription>USED TOYOTA HIACE VAN YEAR APRIL 2010 CC 2980
CLR SILVER RHD CHS KDH206-8024964 ENG 1KD-2004805</ItemDescription>
                        <ItemHSCode>0101102000</ItemHSCode>
                        <HSDescription>Asses</HSDescription>
                        <Quantity>
                            <Qty>1.0000</Qty>
                            <UnitOfQty>KG</UnitOfQty>
                        </Quantity>
                        <SupplementryQuantity>
                            <Qty>1.0000</Qty>
                            <UnitOfQty>UN</UnitOfQty>
                        </SupplementryQuantity>
                        <PackageType>VL</PackageType>
                        <PackageQty>1.00</PackageQty>
                        <ForeignCurrencyCode>USD</ForeignCurrencyCode>
                        <UnitPriceFCY>3500.00</UnitPriceFCY>
                        <TotalPriceFCY>3500.00</TotalPriceFCY>
                        <UnitPriceNCY>353339.00</UnitPriceNCY>
                        <CountryOfOrigin>JP</CountryOfOrigin>
                        <TotalPriceNCY>353339.00</TotalPriceNCY>
                        <ItemNetWeight>2000.0000</ItemNetWeight>
                        <ItemGrossWeight>2000.0000</ItemGrossWeight>
                    </CDProduct1>
                    <CDProduct2>
                        <ApplicantRemarks>USED TOYOTA HIACE VAN YEAR APRIL 2010 CC 2980
CLR SILVER RHD</ApplicantRemarks>
                    </CDProduct2>
                    <CDItemNonStandard/>
                </ItemDetails>
            </CDProductDetails>
        </ConsignmentDocDetails>
    </DocumentDetails>
    <DocumentSummary>
        <IssuedDateTime>26092017164024</IssuedDateTime>
        <SummaryPageUrl>https://trial.kenyatradenet.go.ke/keswsoga/SummaryPage.mda?ucr=UCR201700047071</SummaryPageUrl>
    </DocumentSummary>
</ConsignmentDocument>
