<?xml version="1.0" encoding="UTF-8" standalone="yes"?>
<ConsignmentDocument>
    <DocumentHeader>
        <DocumentReference>
            <DocumentType>CUSREG</DocumentType>
            <DocumentName>CONSIGNMENT DOCUMENT</DocumentName>
            <DocumentNumber>1017164702000</DocumentNumber>
            <CommonRefNumber>CD201700KEBSPVOC000002416701</CommonRefNumber>
            <MessageType>9</MessageType>
            <SenderID>eoga051</SenderID>
            <RegimeCode>C4</RegimeCode>
            <CMSRegimeCode>I</CMSRegimeCode>
            <ApprovalCategory>PRO</ApprovalCategory>
        </DocumentReference>
        <DocumentExchangeDetails>
            <ReceivingPartyDetails>
                <ReceivingParty>cust006</ReceivingParty>
            </ReceivingPartyDetails>
            <NotifyPartyDetails>
                <NotifyParty>NPM003</NotifyParty>
                <NotifyParty>NPM004</NotifyParty>
            </NotifyPartyDetails>
        </DocumentExchangeDetails>
    </DocumentHeader>
    <DocumentDetails>
        <ConsignmentDocDetails>
            <CDStandard>
                <ServiceProvider>
                    <ApplicationCode>CA</ApplicationCode>
                    <Name>ICMS CLEARING AGENT P051332767F</Name>
                    <TIN>P051332767F</TIN>
                    <PhysicalAddress>fFfffdDD</PhysicalAddress>
                    <PhyCountry>KE</PhyCountry>
                </ServiceProvider>
                <ApplicationTypeCode>CD</ApplicationTypeCode>
                <ApplicationTypeDescription>Consignment Document</ApplicationTypeDescription>
                <DocumentTypeCode>INR</DocumentTypeCode>
                <CMSDocumentTypeCode>R</CMSDocumentTypeCode>
                <DocumentTypeDescription>Inspection Report</DocumentTypeDescription>
                <ConsignmentTypeCode>C</ConsignmentTypeCode>
                <ConsignmentTypeDescription>Consignment</ConsignmentTypeDescription>
                <MDACode>KEBS</MDACode>
                <MDADescription>Kenya Bureau of Standards</MDADescription>
                <DocumentCode>PVOC</DocumentCode>
                <DocumentDescription>KEBS Inspection and Approval Document</DocumentDescription>
                <ProcessCode>PVOCPR</ProcessCode>
                <ProcessDescription>KEBS Inspection and Approval Process</ProcessDescription>
                <ApplicationDate>20171017</ApplicationDate>
                <UpdatedDate>201710171647</UpdatedDate>
                <ApprovalStatus>PC</ApprovalStatus>
                <ApprovalDate>20171017</ApprovalDate>
                <FinalApprovalDate>201710171647</FinalApprovalDate>
                <ApplicationRefNo>CD201700KEBSPVOC0000024167</ApplicationRefNo>
                <VersionNo>1</VersionNo>
                <UCRNumber>UCR201700047651</UCRNumber>
            </CDStandard>
            <CDImporter>
                <Name>uweidj</Name>
                <TIN>P051332767F</TIN>
                <PhysicalAddress>ppppp
					 arcade</PhysicalAddress>
                <PhyCountry>KE</PhyCountry>
                <PostalAddress>ppppp
					 arcade</PostalAddress>
                <PosCountry>KE</PosCountry>
                <TeleFax>2</TeleFax>
                <Email>BNGUMI@KENTRADE.GO.KE</Email>
            </CDImporter>
            <CDConsignee>
                <Name>uweidj</Name>
                <TIN>P051332767F</TIN>
                <PhysicalAddress>ppppp
					 arcade</PhysicalAddress>
                <PhyCountry>KE</PhyCountry>
                <PostalAddress>ppppp
					 arcade</PostalAddress>
                <PosCountry>KE</PosCountry>
                <TeleFax>2</TeleFax>
                <Email>BNGUMI@KENTRADE.GO.KE</Email>
            </CDConsignee>
            <CDExporter>
                <Name>uweidj</Name>
                <TIN>P051332767F</TIN>
                <PhysicalAddress>ppppp
					 arcade</PhysicalAddress>
                <PhyCountry>KE</PhyCountry>
                <PostalAddress>ppppp
					 arcade</PostalAddress>
                <PosCountry>KE</PosCountry>
                <TeleFax>2</TeleFax>
                <Email>BNGUMI@KENTRADE.GO.KE</Email>
                <SectorofActivity>MFG</SectorofActivity>
            </CDExporter>
            <CDConsignor>
                <Name>uweidj</Name>
                <TIN>P051332767F</TIN>
                <PhysicalAddress>ppppp
					 arcade</PhysicalAddress>
                <PhyCountry>KE</PhyCountry>
                <PostalAddress>ppppp
					 arcade</PostalAddress>
                <PosCountry>KE</PosCountry>
                <TeleFax>2</TeleFax>
                <Email>BNGUMI@KENTRADE.GO.KE</Email>
            </CDConsignor>
            <CDTransport>
                <ModeOfTransport>R</ModeOfTransport>
                <ModeOfTransportDesc>Road</ModeOfTransportDesc>
                <PortOfArrival>KEMBA</PortOfArrival>
                <PortOfArrivalDesc>Mombasa</PortOfArrivalDesc>
                <CustomsOffice>ACH</CustomsOffice>
                <CustomsOfficeDesc>ACHL</CustomsOfficeDesc>
                <FreightStation>GBH</FreightStation>
                <FreightStationDesc>GRAIN BULK HANDLERS LIMITED</FreightStationDesc>
                <CargoTypeIndicator>B</CargoTypeIndicator>
            </CDTransport>
            <PGAHeaderFields/>
            <CDHeaderOne>
                <ForeignCurrencyCode>USD</ForeignCurrencyCode>
                <ForexRate>103.199</ForexRate>
                <FOBFCY>1.87</FOBFCY>
                <FreightFCY>0.00</FreightFCY>
                <InsuranceFCY>0.00</InsuranceFCY>
                <OtherChargesFCY>0.00</OtherChargesFCY>
                <CIFFCY>1.87</CIFFCY>
                <FOBNCY>192.98</FOBNCY>
                <FreightNCY>0.00</FreightNCY>
                <InsuranceNCY>0.00</InsuranceNCY>
                <OtherChargesNCY>0.00</OtherChargesNCY>
                <CIFNCY>192.98</CIFNCY>
                <INCOTerms>FCA</INCOTerms>
                <COMESA>N</COMESA>
                <InvoiceDate>20171002</InvoiceDate>
                <InvoiceNumber>66688</InvoiceNumber>
                <CountryOfSupply>BB</CountryOfSupply>
            </CDHeaderOne>
            <CDStandardTwo>
                <PurposeOfImport>E</PurposeOfImport>
                <Attachments>
                    <AttachDocumentCode>AIDF</AttachDocumentCode>
                    <AttachDocumentCodeDesc>Approved IDF</AttachDocumentCodeDesc>
                    <AttachDocumentRefNo>6</AttachDocumentRefNo>
                    <AttachDocumentInternalRefNo>CD201700KEBSPVOC0000024167_1_6_5503.pdf</AttachDocumentInternalRefNo>
                </Attachments>
            </CDStandardTwo>
            <CDProductDetails>
                <ItemDetails>
                    <ItemCount>1</ItemCount>
                    <CDProduct1>
                        <ItemNo>1</ItemNo>
                        <ItemDescription>meds</ItemDescription>
                        <ItemHSCode>30049000</ItemHSCode>
                        <HSDescription>iCMS dawa</HSDescription>
                        <Quantity>
                            <Qty>1000.0000</Qty>
                            <UnitOfQty>KGM</UnitOfQty>
                        </Quantity>
                        <PackageType>KGM</PackageType>
                        <PackageQty>1000.00</PackageQty>
                        <ForeignCurrencyCode>USD</ForeignCurrencyCode>
                        <UnitPriceFCY>0.00</UnitPriceFCY>
                        <TotalPriceFCY>1.87</TotalPriceFCY>
                        <UnitPriceNCY>0.00</UnitPriceNCY>
                        <CountryOfOrigin>AQ</CountryOfOrigin>
                        <TotalPriceNCY>0.00</TotalPriceNCY>
                        <ItemNetWeight>100.0000</ItemNetWeight>
                        <ItemGrossWeight>100.0000</ItemGrossWeight>
                    </CDProduct1>
                    <CDItemNonStandard/>
                </ItemDetails>
            </CDProductDetails>
        </ConsignmentDocDetails>
    </DocumentDetails>
    <DocumentSummary>
        <IssuedDateTime>17102017164506</IssuedDateTime>
        <SummaryPageUrl>https://trial.kenyatradenet.go.ke/keswsoga/SummaryPage.mda?ucr=UCR201700047651</SummaryPageUrl>
    </DocumentSummary>
</ConsignmentDocument>
