<?xml version="1.0" encoding="UTF-8" standalone="yes"?>
<ConsignmentDocument>
    <DocumentHeader>
        <DocumentReference>
            <DocumentType>CUSREG</DocumentType>
            <DocumentName>CONSIGNMENT DOCUMENT</DocumentName>
            <DocumentNumber>0821143600000</DocumentNumber>
            <CommonRefNumber>CD201700KEBSPVOC000002383801</CommonRefNumber>
            <MessageType>9</MessageType>
            <SenderID>eoga051</SenderID>
            <RegimeCode>C4</RegimeCode>
            <CMSRegimeCode>I</CMSRegimeCode>
            <ApprovalCategory>PRO</ApprovalCategory>
        </DocumentReference>
        <DocumentExchangeDetails>
            <ReceivingPartyDetails>
                <ReceivingParty>cust006</ReceivingParty>
            </ReceivingPartyDetails>
            <NotifyPartyDetails>
                <NotifyParty>NPM003</NotifyParty>
                <NotifyParty>NPM004</NotifyParty>
            </NotifyPartyDetails>
        </DocumentExchangeDetails>
    </DocumentHeader>
    <DocumentDetails>
        <ConsignmentDocDetails>
            <CDStandard>
                <ServiceProvider>
                    <ApplicationCode>KIP</ApplicationCode>
                    <Name>ACCELER GLOBAL LOGISTICS LTD</Name>
                    <TIN>P000600883U</TIN>
                    <PhysicalAddress>97979 MOMBASA</PhysicalAddress>
                    <PhyCountry>KE</PhyCountry>
                </ServiceProvider>
                <ApplicationTypeCode>CD</ApplicationTypeCode>
                <ApplicationTypeDescription>Consignment Document</ApplicationTypeDescription>
                <DocumentTypeCode>INR</DocumentTypeCode>
                <CMSDocumentTypeCode>R</CMSDocumentTypeCode>
                <DocumentTypeDescription>Inspection Report</DocumentTypeDescription>
                <ConsignmentTypeCode>C</ConsignmentTypeCode>
                <ConsignmentTypeDescription>Consignment</ConsignmentTypeDescription>
                <MDACode>KEBS</MDACode>
                <MDADescription>Kenya Bureau of Standards</MDADescription>
                <DocumentCode>PVOC</DocumentCode>
                <DocumentDescription>KEBS Inspection and Approval Document</DocumentDescription>
                <ProcessCode>PVOCPR</ProcessCode>
                <ProcessDescription>KEBS Inspection and Approval Process</ProcessDescription>
                <ApplicationDate>20170821</ApplicationDate>
                <UpdatedDate>201708211436</UpdatedDate>
                <ApprovalStatus>PP - Processing Fee Payment Due</ApprovalStatus>
                <ApprovalDate>20170821</ApprovalDate>
                <FinalApprovalDate>201708211436</FinalApprovalDate>
                <ApplicationRefNo>CD201700KEBSPVOC0000023838</ApplicationRefNo>
                <VersionNo>1</VersionNo>
                <UCRNumber>UCR201500033379</UCRNumber>
            </CDStandard>
            <CDImporter>
                <Name>ACCELER GLOBAL LOGISTICS LTD</Name>
                <TIN>P000640503D</TIN>
                <PhysicalAddress>11364</PhysicalAddress>
                <PhyCountry>KE</PhyCountry>
                <PostalAddress>11364</PostalAddress>
                <PosCountry>KE</PosCountry>
                <TeleFax>0</TeleFax>
                <Email>usmangani@crimsonlogic.co.in</Email>
            </CDImporter>
            <CDConsignee>
                <Name>ACCELER GLOBAL LOGISTICS LTD</Name>
                <TIN>P000640503D</TIN>
                <PhysicalAddress>11364</PhysicalAddress>
                <PhyCountry>KE</PhyCountry>
                <PostalAddress>11364</PostalAddress>
                <PosCountry>KE</PosCountry>
                <TeleFax>0</TeleFax>
                <Email>usmangani@crimsonlogic.co.in</Email>
            </CDConsignee>
            <CDExporter>
                <Name>TRADER</Name>
                <TIN>P000000000N</TIN>
                <PhysicalAddress>NAIROBI KENYA</PhysicalAddress>
                <PhyCountry>KE</PhyCountry>
                <PostalAddress>NAIROBI KENYA</PostalAddress>
                <PosCountry>KE</PosCountry>
                <TeleFax>34534534</TeleFax>
                <Email>usmangani@crimsonlogic.co.in</Email>
                <SectorofActivity>MFG</SectorofActivity>
                <WarehouseCode>AFRICOFF</WarehouseCode>
                <WarehouseLocation>MSA</WarehouseLocation>
            </CDExporter>
            <CDConsignor>
                <Name>TRADER</Name>
                <TIN>P000000000N</TIN>
                <PhysicalAddress>NAIROBI KENYA</PhysicalAddress>
                <PhyCountry>KE</PhyCountry>
                <PostalAddress>NAIROBI KENYA</PostalAddress>
                <PosCountry>KE</PosCountry>
                <TeleFax>34534534</TeleFax>
                <Email>usmangani@crimsonlogic.co.in</Email>
            </CDConsignor>
            <CDTransport>
                <ModeOfTransport>S</ModeOfTransport>
                <ModeOfTransportDesc>Sea</ModeOfTransportDesc>
                <VesselName>Others</VesselName>
                <VoyageNo>090</VoyageNo>
                <Carrier>ASA</Carrier>
                <PortOfArrival>KEMBA</PortOfArrival>
                <PortOfArrivalDesc>Mombasa</PortOfArrivalDesc>
                <CustomsOffice>ADY</CustomsOffice>
                <CustomsOfficeDesc>ANDY FORWARDERS</CustomsOfficeDesc>
                <FreightStation>COT</FreightStation>
                <FreightStationDesc>MITCHELL  COTTS SHIPPING CFS</FreightStationDesc>
                <CargoTypeIndicator>B</CargoTypeIndicator>
            </CDTransport>
            <PGAHeaderFields/>
            <CDHeaderOne>
                <ForeignCurrencyCode>USD</ForeignCurrencyCode>
                <ForexRate>100.954</ForexRate>
                <FOBFCY>8000.00</FOBFCY>
                <FreightFCY>1000.00</FreightFCY>
                <InsuranceFCY>200.00</InsuranceFCY>
                <OtherChargesFCY>0.00</OtherChargesFCY>
                <CIFFCY>9200.00</CIFFCY>
                <FOBNCY>807632.00</FOBNCY>
                <FreightNCY>100954.00</FreightNCY>
                <InsuranceNCY>20190.80</InsuranceNCY>
                <OtherChargesNCY>0.00</OtherChargesNCY>
                <CIFNCY>928776.80</CIFNCY>
                <INCOTerms>CIF</INCOTerms>
                <TransactionTerms>16</TransactionTerms>
                <COMESA>N</COMESA>
                <InvoiceDate>20170801</InvoiceDate>
                <InvoiceNumber>2546</InvoiceNumber>
                <CountryOfSupply>BR</CountryOfSupply>
            </CDHeaderOne>
            <CDStandardTwo>
                <PurposeOfImport>PURPSE2</PurposeOfImport>
                <ApplicantDefinedThirdPartyDetails>
                    <ThirdParties>
                        <ThirdPartyCode>rmutisoTP</ThirdPartyCode>
                        <ThirdPartyDescription>Rachael Third Party Account</ThirdPartyDescription>
                        <DistributionMethod>U</DistributionMethod>
                        <ThirdPartyAccount>rmutisotp2</ThirdPartyAccount>
                    </ThirdParties>
                </ApplicantDefinedThirdPartyDetails>
                <Attachments>
                    <AttachDocumentCode>AIDF</AttachDocumentCode>
                    <AttachDocumentCodeDesc>Approved IDF</AttachDocumentCodeDesc>
                    <AttachDocumentRefNo>23255</AttachDocumentRefNo>
                    <AttachDocumentInternalRefNo>CD201700KEBSPVOC0000023838_1_23255_5138.pdf</AttachDocumentInternalRefNo>
                </Attachments>
            </CDStandardTwo>
            <CDProductDetails>
                <ItemDetails>
                    <ItemCount>3</ItemCount>
                    <CDProduct1>
                        <ItemNo>1</ItemNo>
                        <ItemDescription>food stuffs</ItemDescription>
                        <ItemHSCode>0101102000</ItemHSCode>
                        <HSDescription>Asses</HSDescription>
                        <Quantity>
                            <Qty>500.0000</Qty>
                            <UnitOfQty>KG</UnitOfQty>
                        </Quantity>
                        <PackageType>BX</PackageType>
                        <PackageQty>500.00</PackageQty>
                        <ForeignCurrencyCode>USD</ForeignCurrencyCode>
                        <UnitPriceFCY>12.00</UnitPriceFCY>
                        <TotalPriceFCY>6000.00</TotalPriceFCY>
                        <UnitPriceNCY>1211.45</UnitPriceNCY>
                        <CountryOfOrigin>BR</CountryOfOrigin>
                        <TotalPriceNCY>605724.00</TotalPriceNCY>
                        <ItemNetWeight>2000.0000</ItemNetWeight>
                        <ItemGrossWeight>3000.0000</ItemGrossWeight>
                    </CDProduct1>
                    <CDProduct2>
                        <ApplicantRemarks>pk</ApplicantRemarks>
                    </CDProduct2>
                    <CDItemNonStandard/>
                </ItemDetails>
                <ItemDetails>
                    <ItemCount>3</ItemCount>
                    <CDProduct1>
                        <ItemNo>2</ItemNo>
                        <ItemDescription>food stuffs</ItemDescription>
                        <ItemHSCode>0103910000</ItemHSCode>
                        <HSDescription>Other live swine weighing less than 50 kg.</HSDescription>
                        <Quantity>
                            <Qty>200.0000</Qty>
                            <UnitOfQty>KG</UnitOfQty>
                        </Quantity>
                        <PackageType>BX</PackageType>
                        <PackageQty>200.00</PackageQty>
                        <ForeignCurrencyCode>USD</ForeignCurrencyCode>
                        <UnitPriceFCY>5.00</UnitPriceFCY>
                        <TotalPriceFCY>1000.00</TotalPriceFCY>
                        <UnitPriceNCY>504.77</UnitPriceNCY>
                        <CountryOfOrigin>BR</CountryOfOrigin>
                        <TotalPriceNCY>100954.00</TotalPriceNCY>
                        <ItemNetWeight>200.0000</ItemNetWeight>
                        <ItemGrossWeight>250.0000</ItemGrossWeight>
                    </CDProduct1>
                    <CDProduct2>
                        <ApplicantRemarks>pk</ApplicantRemarks>
                    </CDProduct2>
                    <CDItemNonStandard/>
                </ItemDetails>
                <ItemDetails>
                    <ItemCount>3</ItemCount>
                    <CDProduct1>
                        <ItemNo>3</ItemNo>
                        <ItemDescription>food stuffs</ItemDescription>
                        <ItemHSCode>0101102000</ItemHSCode>
                        <HSDescription>Asses</HSDescription>
                        <Quantity>
                            <Qty>300.0000</Qty>
                            <UnitOfQty>KG</UnitOfQty>
                        </Quantity>
                        <PackageType>BX</PackageType>
                        <PackageQty>200.00</PackageQty>
                        <ForeignCurrencyCode>USD</ForeignCurrencyCode>
                        <UnitPriceFCY>3.34</UnitPriceFCY>
                        <TotalPriceFCY>1000.00</TotalPriceFCY>
                        <UnitPriceNCY>336.52</UnitPriceNCY>
                        <CountryOfOrigin>BR</CountryOfOrigin>
                        <TotalPriceNCY>100953.90</TotalPriceNCY>
                        <ItemNetWeight>200.0000</ItemNetWeight>
                        <ItemGrossWeight>250.0000</ItemGrossWeight>
                    </CDProduct1>
                    <CDProduct2>
                        <ApplicantRemarks>pk</ApplicantRemarks>
                    </CDProduct2>
                    <CDItemNonStandard/>
                </ItemDetails>
            </CDProductDetails>
        </ConsignmentDocDetails>
    </DocumentDetails>
    <DocumentSummary>
        <IssuedDateTime>21082017143229</IssuedDateTime>
        <SummaryPageUrl>https://trial.kenyatradenet.go.ke/keswsoga/SummaryPage.mda?ucr=UCR201500033379</SummaryPageUrl>
    </DocumentSummary>
</ConsignmentDocument>
