<?xml version="1.0" encoding="UTF-8" standalone="yes"?>
<ConsignmentDocument>
    <DocumentHeader>
        <DocumentReference>
            <DocumentType>CUSREG</DocumentType>
            <DocumentName>CONSIGNMENT DOCUMENT</DocumentName>
            <DocumentNumber>0921112532000</DocumentNumber>
            <CommonRefNumber>CD201700KEBSPVOC000002395401</CommonRefNumber>
            <MessageType>9</MessageType>
            <SenderID>eoga051</SenderID>
            <RegimeCode>C4</RegimeCode>
            <CMSRegimeCode>I</CMSRegimeCode>
            <ApprovalCategory>PRO</ApprovalCategory>
        </DocumentReference>
        <DocumentExchangeDetails>
            <ReceivingPartyDetails>
                <ReceivingParty>cust006</ReceivingParty>
            </ReceivingPartyDetails>
            <NotifyPartyDetails>
                <NotifyParty>NPM003</NotifyParty>
                <NotifyParty>NPM004</NotifyParty>
            </NotifyPartyDetails>
        </DocumentExchangeDetails>
    </DocumentHeader>
    <DocumentDetails>
        <ConsignmentDocDetails>
            <CDStandard>
                <ServiceProvider>
                    <ApplicationCode>RYC</ApplicationCode>
                    <Name>RYCE E AFRICA LTD</Name>
                    <TIN>P000591376W</TIN>
                    <PhysicalAddress>49729 NAIROBI</PhysicalAddress>
                    <PhyCountry>KE</PhyCountry>
                </ServiceProvider>
                <ApplicationTypeCode>CD</ApplicationTypeCode>
                <ApplicationTypeDescription>Consignment Document</ApplicationTypeDescription>
                <DocumentTypeCode>INR</DocumentTypeCode>
                <CMSDocumentTypeCode>R</CMSDocumentTypeCode>
                <DocumentTypeDescription>Inspection Report</DocumentTypeDescription>
                <ConsignmentTypeCode>C</ConsignmentTypeCode>
                <ConsignmentTypeDescription>Consignment</ConsignmentTypeDescription>
                <MDACode>KEBS</MDACode>
                <MDADescription>Kenya Bureau of Standards</MDADescription>
                <DocumentCode>PVOC</DocumentCode>
                <DocumentDescription>KEBS Inspection and Approval Document</DocumentDescription>
                <ProcessCode>PVOCPR</ProcessCode>
                <ProcessDescription>KEBS Inspection and Approval Process</ProcessDescription>
                <ApplicationDate>20170921</ApplicationDate>
                <UpdatedDate>201709211125</UpdatedDate>
                <ApprovalStatus>PC</ApprovalStatus>
                <ApprovalDate>20170921</ApprovalDate>
                <FinalApprovalDate>201709211128</FinalApprovalDate>
                <ApplicationRefNo>CD201700KEBSPVOC0000023954</ApplicationRefNo>
                <VersionNo>1</VersionNo>
                <UCRNumber>UCR201700046867</UCRNumber>
            </CDStandard>
            <CDImporter>
                <Name>AFRICAN EAGLES RECORDING LTD</Name>
                <TIN>P000594634W</TIN>
                <PhysicalAddress>1350, KITALE</PhysicalAddress>
                <PhyCountry>KE</PhyCountry>
                <PostalAddress>1350, KITALE</PostalAddress>
                <PosCountry>KE</PosCountry>
                <TeleFax>02155959</TeleFax>
                <Email>you@you.you</Email>
            </CDImporter>
            <CDConsignee>
                <Name>AFRICAN EAGLES RECORDING LTD</Name>
                <TIN>P000594634W</TIN>
                <PhysicalAddress>1350, KITALE</PhysicalAddress>
                <PhyCountry>KE</PhyCountry>
                <PostalAddress>1350, KITALE</PostalAddress>
                <PosCountry>KE</PosCountry>
                <TeleFax>02155959</TeleFax>
                <Email>you@you.you</Email>
            </CDConsignee>
            <CDExporter>
                <Name>MERCHANDISE LIMITED</Name>
                <TIN>P000000000N</TIN>
                <PhysicalAddress>PO BOX 234211 DUBAI</PhysicalAddress>
                <PhyCountry>AE</PhyCountry>
                <PostalAddress>PO BOX 234211 DUBAI</PostalAddress>
                <PosCountry>AE</PosCountry>
                <TeleFax>211564444</TeleFax>
                <Email>you@you.com</Email>
                <SectorofActivity>MFG</SectorofActivity>
            </CDExporter>
            <CDConsignor>
                <Name>MERCHANDISE LIMITED</Name>
                <TIN>P000000000N</TIN>
                <PhysicalAddress>PO BOX 234211 DUBAI</PhysicalAddress>
                <PhyCountry>AE</PhyCountry>
                <PostalAddress>PO BOX 234211 DUBAI</PostalAddress>
                <PosCountry>AE</PosCountry>
                <TeleFax>211564444</TeleFax>
                <Email>you@you.com</Email>
                <SectorofActivity>MFG</SectorofActivity>
            </CDConsignor>
            <CDTransport>
                <ModeOfTransport>S</ModeOfTransport>
                <ModeOfTransportDesc>Sea</ModeOfTransportDesc>
                <PortOfArrival>KEMBA</PortOfArrival>
                <PortOfArrivalDesc>Mombasa</PortOfArrivalDesc>
                <PortOfDeparture>AEDXB</PortOfDeparture>
                <PortOfDepartureDesc>Dubai</PortOfDepartureDesc>
                <CustomsOffice>MT2</CustomsOffice>
                <CustomsOfficeDesc>MITCHELL COTTS BP2</CustomsOfficeDesc>
                <FreightStation>MT2</FreightStation>
                <FreightStationDesc>MITCHELL COTTS BP2</FreightStationDesc>
                <CargoTypeIndicator>B</CargoTypeIndicator>
            </CDTransport>
            <CDHeaderOne>
                <ForeignCurrencyCode>USD</ForeignCurrencyCode>
                <ForexRate>100.954</ForexRate>
                <FOBFCY>500.00</FOBFCY>
                <FreightFCY>15.00</FreightFCY>
                <InsuranceFCY>10.00</InsuranceFCY>
                <OtherChargesFCY>0.00</OtherChargesFCY>
                <CIFFCY>525.00</CIFFCY>
                <FOBNCY>50477.00</FOBNCY>
                <FreightNCY>1514.31</FreightNCY>
                <InsuranceNCY>1009.54</InsuranceNCY>
                <OtherChargesNCY>0.00</OtherChargesNCY>
                <CIFNCY>53000.85</CIFNCY>
                <INCOTerms>CIF</INCOTerms>
                <COMESA>Y</COMESA>
                <InvoiceDate>20170920</InvoiceDate>
                <InvoiceNumber>211</InvoiceNumber>
                <CountryOfSupply>AE</CountryOfSupply>
            </CDHeaderOne>
            <CDStandardTwo>
                <PurposeOfImport>PURPSE2</PurposeOfImport>
                <Attachments>
                    <AttachDocumentCode>AIDF</AttachDocumentCode>
                    <AttachDocumentCodeDesc>Approved IDF</AttachDocumentCodeDesc>
                    <AttachDocumentRefNo>w4454</AttachDocumentRefNo>
                    <AttachDocumentInternalRefNo>CD201700KEBSPVOC0000023954_1_w4454_5233.pdf</AttachDocumentInternalRefNo>
                </Attachments>
            </CDStandardTwo>
            <CDProductDetails>
                <ItemDetails>
                    <ItemCount>2</ItemCount>
                    <CDProduct1>
                        <ItemNo>1</ItemNo>
                        <ItemDescription>used clothes</ItemDescription>
                        <ItemHSCode>9605000000</ItemHSCode>
                        <HSDescription>Travel sets for personal toilet, sewing or shoe or clothes cleaning</HSDescription>
                        <Quantity>
                            <Qty>1000.0000</Qty>
                            <UnitOfQty>KGM</UnitOfQty>
                        </Quantity>
                        <PackageType>BX</PackageType>
                        <PackageQty>10.00</PackageQty>
                        <ForeignCurrencyCode>USD</ForeignCurrencyCode>
                        <UnitPriceFCY>0.30</UnitPriceFCY>
                        <TotalPriceFCY>300.00</TotalPriceFCY>
                        <UnitPriceNCY>30.29</UnitPriceNCY>
                        <CountryOfOrigin>AE</CountryOfOrigin>
                        <TotalPriceNCY>30286.20</TotalPriceNCY>
                        <ItemNetWeight>1000.0000</ItemNetWeight>
                        <ItemGrossWeight>1010.0000</ItemGrossWeight>
                    </CDProduct1>
                    <CDProduct2>
                        <ApplicantRemarks>ok</ApplicantRemarks>
                    </CDProduct2>
                    <CDItemNonStandard/>
                </ItemDetails>
                <ItemDetails>
                    <ItemCount>2</ItemCount>
                    <CDProduct1>
                        <ItemNo>2</ItemNo>
                        <ItemDescription>utensils</ItemDescription>
                        <ItemHSCode>3924100000</ItemHSCode>
                        <HSDescription>Tableware and kitchenware of plastics</HSDescription>
                        <Quantity>
                            <Qty>100.0000</Qty>
                            <UnitOfQty>KG</UnitOfQty>
                        </Quantity>
                        <PackageType>BX</PackageType>
                        <PackageQty>5.00</PackageQty>
                        <ForeignCurrencyCode>USD</ForeignCurrencyCode>
                        <UnitPriceFCY>2.00</UnitPriceFCY>
                        <TotalPriceFCY>200.00</TotalPriceFCY>
                        <UnitPriceNCY>201.91</UnitPriceNCY>
                        <CountryOfOrigin>AE</CountryOfOrigin>
                        <TotalPriceNCY>20190.80</TotalPriceNCY>
                        <ItemNetWeight>50.0000</ItemNetWeight>
                        <ItemGrossWeight>50.0000</ItemGrossWeight>
                    </CDProduct1>
                    <CDProduct2>
                        <ApplicantRemarks>ok</ApplicantRemarks>
                    </CDProduct2>
                    <CDItemNonStandard/>
                </ItemDetails>
            </CDProductDetails>
        </ConsignmentDocDetails>
    </DocumentDetails>
    <DocumentSummary>
        <IssuedDateTime>21092017112524</IssuedDateTime>
        <SummaryPageUrl>https://trial.kenyatradenet.go.ke/keswsoga/SummaryPage.mda?ucr=UCR201700046867</SummaryPageUrl>
    </DocumentSummary>
</ConsignmentDocument>
