<?xml version="1.0" encoding="UTF-8" standalone="yes"?>
<ConsignmentDocument>
    <DocumentHeader>
        <DocumentReference>
            <DocumentType>CUSREG</DocumentType>
            <DocumentName>CONSIGNMENT DOCUMENT</DocumentName>
            <DocumentNumber>0804112626000</DocumentNumber>
            <CommonRefNumber>CD2017000PHSDMC1000074865001</CommonRefNumber>
            <MessageType>9</MessageType>
            <SenderID>KESWS</SenderID>
            <RegimeCode>C4</RegimeCode>
            <CMSRegimeCode>I</CMSRegimeCode>
            <ApprovalCategory>PRO</ApprovalCategory>
        </DocumentReference>
        <DocumentExchangeDetails>
            <ReceivingPartyDetails>
                <ReceivingParty>PGA</ReceivingParty>
            </ReceivingPartyDetails>
            <NotifyPartyDetails>
                <NotifyParty>NPM003</NotifyParty>
                <NotifyParty>NPM004</NotifyParty>
            </NotifyPartyDetails>
        </DocumentExchangeDetails>
    </DocumentHeader>
    <DocumentDetails>
        <ConsignmentDocDetails>
            <CDStandard>
                <ServiceProvider>
                    <ApplicationCode>RIS</ApplicationCode>
                    <Name>RISING FREIGHT LTD</Name>
                    <TIN>P000599693V</TIN>
                    <PhysicalAddress>12129  00400NAIROBI</PhysicalAddress>
                    <PhyCountry>KE</PhyCountry>
                </ServiceProvider>
                <ApplicationTypeCode>CD</ApplicationTypeCode>
                <ApplicationTypeDescription>Consignment Document</ApplicationTypeDescription>
                <DocumentTypeCode>PER</DocumentTypeCode>
                <CMSDocumentTypeCode>P</CMSDocumentTypeCode>
                <DocumentTypeDescription>Permits</DocumentTypeDescription>
                <ConsignmentTypeCode>C</ConsignmentTypeCode>
                <ConsignmentTypeDescription>Consignment</ConsignmentTypeDescription>
                <MDACode>PHS</MDACode>
                <MDADescription>PORT HEALTH SERVICES</MDADescription>
                <DocumentCode>DMC1</DocumentCode>
                <DocumentDescription>Import Health Certificate</DocumentDescription>
                <ProcessCode>PMC1</ProcessCode>
                <ProcessDescription>Issue of Import Health  Certificate</ProcessDescription>
                <ApplicationDate>20170804</ApplicationDate>
                <UpdatedDate>201708041126</UpdatedDate>
                <ApprovalStatus>PP - Processing Fee Payment Due</ApprovalStatus>
                <ApprovalDate>20170804</ApprovalDate>
                <FinalApprovalDate>201708041128</FinalApprovalDate>
                <ApplicationRefNo>CD2017000PHSDMC10000748650</ApplicationRefNo>
                <VersionNo>1</VersionNo>
                <UCRNumber>UCR201600337290</UCRNumber>
            </CDStandard>
            <CDImporter>
                <Name>KENYA SWEETS LIMITED</Name>
                <TIN>P000591222F</TIN>
                <PhysicalAddress>48716NAIROBI</PhysicalAddress>
                <PhyCountry>KE</PhyCountry>
                <PostalAddress>48716NAIROBI</PostalAddress>
                <PosCountry>KE</PosCountry>
                <TeleFax>0734-575575</TeleFax>
            </CDImporter>
            <CDConsignee>
                <Name>KENYA SWEETS LIMITED</Name>
                <TIN>P000591222F</TIN>
                <PhysicalAddress>48716NAIROBI</PhysicalAddress>
                <PhyCountry>KE</PhyCountry>
                <PostalAddress>48716NAIROBI</PostalAddress>
                <PosCountry>KE</PosCountry>
                <TeleFax>0734-575575</TeleFax>
            </CDConsignee>
            <CDExporter>
                <Name>GUJARAT AMBUJA EXPORTS LTD</Name>
                <TIN>00000000000000000</TIN>
                <PhysicalAddress>AMBUJA TOWER OPP MEMNAGAR FIRE STATION POST NAVJIVAN AHMEDABAD 380014</PhysicalAddress>
                <PhyCountry>IN</PhyCountry>
                <PostalAddress>AMBUJA TOWER OPP MEMNAGAR FIRE STATION POST NAVJIVAN AHMEDABAD 380014</PostalAddress>
                <PosCountry>IN</PosCountry>
                <TeleFax>254738180289</TeleFax>
                <SectorofActivity>TRD</SectorofActivity>
                <WarehouseCode>BNBI247</WarehouseCode>
                <WarehouseLocation>NBI</WarehouseLocation>
            </CDExporter>
            <CDConsignor>
                <Name>GUJARAT AMBUJA EXPORTS LTD</Name>
                <TIN>00000000000000000</TIN>
                <PhysicalAddress>AMBUJA TOWER OPP MEMNAGAR FIRE STATION POST NAVJIVAN AHMEDABAD 380014</PhysicalAddress>
                <PhyCountry>IN</PhyCountry>
                <PostalAddress>AMBUJA TOWER OPP MEMNAGAR FIRE STATION POST NAVJIVAN AHMEDABAD 380014</PostalAddress>
                <PosCountry>IN</PosCountry>
                <TeleFax>254738180289</TeleFax>
                <SectorofActivity>TRD</SectorofActivity>
                <WarehouseCode>BNBI247</WarehouseCode>
                <WarehouseLocation>NBI</WarehouseLocation>
            </CDConsignor>
            <CDTransport>
                <ModeOfTransport>S</ModeOfTransport>
                <ModeOfTransportDesc>Sea</ModeOfTransportDesc>
                <PortOfArrival>KEMBA</PortOfArrival>
                <PortOfArrivalDesc>Mombasa</PortOfArrivalDesc>
                <CustomsOffice>MSA</CustomsOffice>
                <CustomsOfficeDesc>MOMBASA</CustomsOfficeDesc>
                <FreightStation>FFK</FreightStation>
                <FreightStationDesc>CONSOLEBASE LTD</FreightStationDesc>
                <CargoTypeIndicator>G</CargoTypeIndicator>
            </CDTransport>
            <PGAHeaderFields/>
            <CDHeaderOne>
                <ForeignCurrencyCode>USD</ForeignCurrencyCode>
                <ForexRate>104.0094</ForexRate>
                <FOBFCY>93350.00</FOBFCY>
                <FreightFCY>0.00</FreightFCY>
                <InsuranceFCY>0.00</InsuranceFCY>
                <OtherChargesFCY>0.00</OtherChargesFCY>
                <CIFFCY>93350.00</CIFFCY>
                <FOBNCY>9709277.49</FOBNCY>
                <FreightNCY>0.00</FreightNCY>
                <InsuranceNCY>0.00</InsuranceNCY>
                <OtherChargesNCY>0.00</OtherChargesNCY>
                <CIFNCY>9709277.49</CIFNCY>
                <INCOTerms>FOB</INCOTerms>
                <COMESA>N</COMESA>
                <InvoiceDate>20160226</InvoiceDate>
                <InvoiceNumber>43102737</InvoiceNumber>
                <CountryOfSupply>IN</CountryOfSupply>
            </CDHeaderOne>
            <CDStandardTwo>
                <PurposeOfImport>PURPSE2</PurposeOfImport>
                <Attachments>
                    <AttachDocumentCode>COA</AttachDocumentCode>
                    <AttachDocumentCodeDesc>Certificate of analysis</AttachDocumentCodeDesc>
                    <AttachDocumentRefNo>6</AttachDocumentRefNo>
                    <AttachDocumentInternalRefNo>CD2017000PHSDMC10000748650_1_6_2047784.pdf</AttachDocumentInternalRefNo>
                </Attachments>
                <Attachments>
                    <AttachDocumentCode>COO</AttachDocumentCode>
                    <AttachDocumentCodeDesc>Certificate of Orign</AttachDocumentCodeDesc>
                    <AttachDocumentRefNo>1</AttachDocumentRefNo>
                    <AttachDocumentInternalRefNo>CD2017000PHSDMC10000748650_1_1_2047755.pdf</AttachDocumentInternalRefNo>
                </Attachments>
                <Attachments>
                    <AttachDocumentCode>COQCOR</AttachDocumentCode>
                    <AttachDocumentCodeDesc>Certificate of quality from country of origin</AttachDocumentCodeDesc>
                    <AttachDocumentRefNo>2</AttachDocumentRefNo>
                    <AttachDocumentInternalRefNo>CD2017000PHSDMC10000748650_1_2_2047762.pdf</AttachDocumentInternalRefNo>
                </Attachments>
                <Attachments>
                    <AttachDocumentCode>INV</AttachDocumentCode>
                    <AttachDocumentCodeDesc>Invoice</AttachDocumentCodeDesc>
                    <AttachDocumentRefNo>5</AttachDocumentRefNo>
                    <AttachDocumentInternalRefNo>CD2017000PHSDMC10000748650_1_5_2047770.pdf</AttachDocumentInternalRefNo>
                </Attachments>
                <Attachments>
                    <AttachDocumentCode>SDD</AttachDocumentCode>
                    <AttachDocumentCodeDesc>Safety data sheet</AttachDocumentCodeDesc>
                    <AttachDocumentRefNo>3</AttachDocumentRefNo>
                    <AttachDocumentInternalRefNo>CD2017000PHSDMC10000748650_1_3_2047767.pdf</AttachDocumentInternalRefNo>
                </Attachments>
            </CDStandardTwo>
            <CDProductDetails>
                <ItemDetails>
                    <ItemCount>1</ItemCount>
                    <CDProduct1>
                        <ItemNo>1</ItemNo>
                        <ItemDescription>LIQUID GLUCOSE</ItemDescription>
                        <ItemHSCode>1702300000</ItemHSCode>
                        <HSDescription>Glucose and glucose syrup, containing &lt;20% fructose</HSDescription>
                        <Quantity>
                            <Qty>240000.0000</Qty>
                            <UnitOfQty>KG</UnitOfQty>
                        </Quantity>
                        <PackageType>BG</PackageType>
                        <PackageQty>240000.00</PackageQty>
                        <ForeignCurrencyCode>USD</ForeignCurrencyCode>
                        <UnitPriceFCY>0.39</UnitPriceFCY>
                        <TotalPriceFCY>93350.00</TotalPriceFCY>
                        <UnitPriceNCY>40.46</UnitPriceNCY>
                        <CountryOfOrigin>IN</CountryOfOrigin>
                        <TotalPriceNCY>9709320.00</TotalPriceNCY>
                        <ItemNetWeight>240000.0000</ItemNetWeight>
                        <ItemGrossWeight>240000.0000</ItemGrossWeight>
                    </CDProduct1>
                    <CDProduct2>
                        <ApplicantRemarks>PROCESS</ApplicantRemarks>
                    </CDProduct2>
                </ItemDetails>
            </CDProductDetails>
        </ConsignmentDocDetails>
    </DocumentDetails>
    <DocumentSummary>
        <IssuedDateTime>04082017114008</IssuedDateTime>
        <SummaryPageUrl>nullUCR201600337290</SummaryPageUrl>
    </DocumentSummary>
</ConsignmentDocument>
