<?xml version="1.0" encoding="UTF-8" standalone="yes"?>
<ConsignmentDocument>
    <DocumentHeader>
        <DocumentReference>
            <DocumentType>CUSREG</DocumentType>
            <DocumentName>CONSIGNMENT DOCUMENT</DocumentName>
            <DocumentNumber>1016163818000</DocumentNumber>
            <CommonRefNumber>CD201700KEBSPVOC000002416101</CommonRefNumber>
            <MessageType>9</MessageType>
            <SenderID>eoga051</SenderID>
            <RegimeCode>C4</RegimeCode>
            <CMSRegimeCode>I</CMSRegimeCode>
            <ApprovalCategory>PRO</ApprovalCategory>
        </DocumentReference>
        <DocumentExchangeDetails>
            <ReceivingPartyDetails>
                <ReceivingParty>cust006</ReceivingParty>
            </ReceivingPartyDetails>
            <NotifyPartyDetails>
                <NotifyParty>NPM003</NotifyParty>
                <NotifyParty>NPM004</NotifyParty>
            </NotifyPartyDetails>
        </DocumentExchangeDetails>
    </DocumentHeader>
    <DocumentDetails>
        <ConsignmentDocDetails>
            <CDStandard>
                <ServiceProvider>
                    <ApplicationCode>CA</ApplicationCode>
                    <Name>ICMS CLEARING AGENT P051332767F</Name>
                    <TIN>P051332767F</TIN>
                    <PhysicalAddress>fFfffdDD</PhysicalAddress>
                    <PhyCountry>KE</PhyCountry>
                </ServiceProvider>
                <ApplicationTypeCode>CD</ApplicationTypeCode>
                <ApplicationTypeDescription>Consignment Document</ApplicationTypeDescription>
                <DocumentTypeCode>INR</DocumentTypeCode>
                <CMSDocumentTypeCode>R</CMSDocumentTypeCode>
                <DocumentTypeDescription>Inspection Report</DocumentTypeDescription>
                <ConsignmentTypeCode>C</ConsignmentTypeCode>
                <ConsignmentTypeDescription>Consignment</ConsignmentTypeDescription>
                <MDACode>KEBS</MDACode>
                <MDADescription>Kenya Bureau of Standards</MDADescription>
                <DocumentCode>PVOC</DocumentCode>
                <DocumentDescription>KEBS Inspection and Approval Document</DocumentDescription>
                <ProcessCode>PVOCPR</ProcessCode>
                <ProcessDescription>KEBS Inspection and Approval Process</ProcessDescription>
                <ApplicationDate>20171016</ApplicationDate>
                <UpdatedDate>201710161638</UpdatedDate>
                <ApprovalStatus>PP - Processing Fee Payment Due</ApprovalStatus>
                <ApprovalDate>20171016</ApprovalDate>
                <FinalApprovalDate>201710161638</FinalApprovalDate>
                <ApplicationRefNo>CD201700KEBSPVOC0000024161</ApplicationRefNo>
                <VersionNo>1</VersionNo>
                <UCRNumber>UCR201700047636</UCRNumber>
            </CDStandard>
            <CDImporter>
                <Name>KEY NAUT LOGISTICS LIMITED</Name>
                <TIN>P051412514L</TIN>
                <PhysicalAddress>36854 00200, NAIROBI</PhysicalAddress>
                <PhyCountry>CU</PhyCountry>
                <PostalAddress>36854 00200, NAIROBI</PostalAddress>
                <PosCountry>CU</PosCountry>
                <TeleFax>0</TeleFax>
                <Email>bosongof@kebs.org</Email>
                <WarehouseCode>AFRICOFF</WarehouseCode>
                <WarehouseLocation>NBI</WarehouseLocation>
            </CDImporter>
            <CDConsignee>
                <Name>KEY NAUT LOGISTICS LIMITED</Name>
                <TIN>P051412514L</TIN>
                <PhysicalAddress>36854 00200, NAIROBI</PhysicalAddress>
                <PostalAddress>36854 00200, NAIROBI</PostalAddress>
                <TeleFax>0</TeleFax>
                <Email>bosongof@kebs.org</Email>
                <WarehouseCode>AFRICOFF</WarehouseCode>
                <WarehouseLocation>NBI</WarehouseLocation>
            </CDConsignee>
            <CDExporter>
                <Name>KEY NAUT LOGISTICS LIMITED</Name>
                <TIN>P051412514L</TIN>
                <PhysicalAddress>36854 00200, NAIROBI</PhysicalAddress>
                <PhyCountry>CN</PhyCountry>
                <PostalAddress>36854 00200, NAIROBI</PostalAddress>
                <PosCountry>CN</PosCountry>
                <TeleFax>0</TeleFax>
                <Email>bosongof@kebs.org</Email>
                <SectorofActivity>TRD</SectorofActivity>
            </CDExporter>
            <CDConsignor>
                <Name>KEY NAUT LOGISTICS LIMITED</Name>
                <TIN>P051412514L</TIN>
                <PhysicalAddress>36854 00200, NAIROBI</PhysicalAddress>
                <PostalAddress>36854 00200, NAIROBI</PostalAddress>
                <TeleFax>0</TeleFax>
                <Email>bosongof@kebs.org</Email>
            </CDConsignor>
            <CDTransport>
                <ModeOfTransport>S</ModeOfTransport>
                <ModeOfTransportDesc>Sea</ModeOfTransportDesc>
                <PortOfArrival>KEMBA</PortOfArrival>
                <PortOfArrivalDesc>Mombasa</PortOfArrivalDesc>
                <CustomsOffice>AUT</CustomsOffice>
                <CustomsOfficeDesc>AUTOPORT FREIGHT TERMINAL LIMITED</CustomsOfficeDesc>
                <FreightStation>AUT</FreightStation>
                <FreightStationDesc>AUTOPORT FREIGHT TERMINAL LIMITED</FreightStationDesc>
                <CargoTypeIndicator>G</CargoTypeIndicator>
            </CDTransport>
            <PGAHeaderFields/>
            <CDHeaderOne>
                <ForeignCurrencyCode>USD</ForeignCurrencyCode>
                <ForexRate>103.199</ForexRate>
                <FOBFCY>1486050.00</FOBFCY>
                <FreightFCY>0.00</FreightFCY>
                <InsuranceFCY>0.00</InsuranceFCY>
                <OtherChargesFCY>0.00</OtherChargesFCY>
                <CIFFCY>1486050.00</CIFFCY>
                <FOBNCY>153358873.95</FOBNCY>
                <FreightNCY>0.00</FreightNCY>
                <InsuranceNCY>0.00</InsuranceNCY>
                <OtherChargesNCY>0.00</OtherChargesNCY>
                <CIFNCY>153358873.95</CIFNCY>
                <INCOTerms>CIF</INCOTerms>
                <COMESA>N</COMESA>
                <InvoiceDate>20170711</InvoiceDate>
                <InvoiceNumber>115577</InvoiceNumber>
                <CountryOfSupply>KE</CountryOfSupply>
            </CDHeaderOne>
            <CDStandardTwo>
                <ApplicantRemarks>hardware items and tools</ApplicantRemarks>
                <PurposeOfImport>PURPSE1</PurposeOfImport>
                <ApplicantDefinedThirdPartyDetails>
                    <ThirdParties>
                        <ThirdPartyCode>rmutisoTP</ThirdPartyCode>
                        <ThirdPartyDescription>Rachael Third Party Account</ThirdPartyDescription>
                        <DistributionMethod>U</DistributionMethod>
                        <ThirdPartyAccount>rmutisotp2</ThirdPartyAccount>
                    </ThirdParties>
                </ApplicantDefinedThirdPartyDetails>
                <Attachments>
                    <AttachDocumentCode>AIDF</AttachDocumentCode>
                    <AttachDocumentCodeDesc>Approved IDF</AttachDocumentCodeDesc>
                    <AttachDocumentRefNo>E170123456</AttachDocumentRefNo>
                    <AttachDocumentInternalRefNo>CD201700KEBSPVOC0000024161_1_E170123456_5487.pdf</AttachDocumentInternalRefNo>
                </Attachments>
            </CDStandardTwo>
            <CDProductDetails>
                <ItemDetails>
                    <ItemCount>1</ItemCount>
                    <CDProduct1>
                        <ItemNo>1</ItemNo>
                        <ItemDescription>hardware tools</ItemDescription>
                        <ItemHSCode>9401690000</ItemHSCode>
                        <HSDescription>Seats with wooden frames, not upholstered</HSDescription>
                        <Quantity>
                            <Qty>156.0000</Qty>
                            <UnitOfQty>PI</UnitOfQty>
                        </Quantity>
                        <SupplementryQuantity>
                            <Qty>1.0000</Qty>
                            <UnitOfQty>BX</UnitOfQty>
                        </SupplementryQuantity>
                        <PackageType>BX</PackageType>
                        <PackageQty>37.00</PackageQty>
                        <ForeignCurrencyCode>USD</ForeignCurrencyCode>
                        <UnitPriceFCY>9525.97</UnitPriceFCY>
                        <TotalPriceFCY>1486050.00</TotalPriceFCY>
                        <UnitPriceNCY>983069.71</UnitPriceNCY>
                        <CountryOfOrigin>CL</CountryOfOrigin>
                        <TotalPriceNCY>153358873.98</TotalPriceNCY>
                        <ItemNetWeight>345.0000</ItemNetWeight>
                        <ItemGrossWeight>346.0000</ItemGrossWeight>
                    </CDProduct1>
                    <CDProduct2>
                        <ApplicantRemarks>CARTONIZED</ApplicantRemarks>
                    </CDProduct2>
                    <CDItemNonStandard/>
                </ItemDetails>
            </CDProductDetails>
        </ConsignmentDocDetails>
    </DocumentDetails>
    <DocumentSummary>
        <IssuedDateTime>16102017163515</IssuedDateTime>
        <SummaryPageUrl>https://trial.kenyatradenet.go.ke/keswsoga/SummaryPage.mda?ucr=UCR201700047636</SummaryPageUrl>
    </DocumentSummary>
</ConsignmentDocument>
