<?xml version="1.0" encoding="UTF-8" standalone="yes"?>
<ConsignmentDocument>
    <DocumentHeader>
        <DocumentReference>
            <DocumentType>CUSREG</DocumentType>
            <DocumentName>CONSIGNMENT DOCUMENT</DocumentName>
            <DocumentNumber>0830161244000</DocumentNumber>
            <CommonRefNumber>CD201700KEBSPVOC000002390901</CommonRefNumber>
            <MessageType>9</MessageType>
            <SenderID>eoga051</SenderID>
            <RegimeCode>C4</RegimeCode>
            <CMSRegimeCode>I</CMSRegimeCode>
            <ApprovalCategory>PRO</ApprovalCategory>
        </DocumentReference>
        <DocumentExchangeDetails>
            <ReceivingPartyDetails>
                <ReceivingParty>cust006</ReceivingParty>
            </ReceivingPartyDetails>
            <NotifyPartyDetails>
                <NotifyParty>NPM003</NotifyParty>
                <NotifyParty>NPM004</NotifyParty>
            </NotifyPartyDetails>
        </DocumentExchangeDetails>
    </DocumentHeader>
    <DocumentDetails>
        <ConsignmentDocDetails>
            <CDStandard>
                <ServiceProvider>
                    <ApplicationCode>KIP</ApplicationCode>
                    <Name>ACCELER GLOBAL LOGISTICS LTD</Name>
                    <TIN>P000600883U</TIN>
                    <PhysicalAddress>97979 MOMBASA</PhysicalAddress>
                    <PhyCountry>KE</PhyCountry>
                </ServiceProvider>
                <ApplicationTypeCode>CD</ApplicationTypeCode>
                <ApplicationTypeDescription>Consignment Document</ApplicationTypeDescription>
                <DocumentTypeCode>INR</DocumentTypeCode>
                <CMSDocumentTypeCode>R</CMSDocumentTypeCode>
                <DocumentTypeDescription>Inspection Report</DocumentTypeDescription>
                <ConsignmentTypeCode>C</ConsignmentTypeCode>
                <ConsignmentTypeDescription>Consignment</ConsignmentTypeDescription>
                <MDACode>KEBS</MDACode>
                <MDADescription>Kenya Bureau of Standards</MDADescription>
                <DocumentCode>PVOC</DocumentCode>
                <DocumentDescription>KEBS Inspection and Approval Document</DocumentDescription>
                <ProcessCode>PVOCPR</ProcessCode>
                <ProcessDescription>KEBS Inspection and Approval Process</ProcessDescription>
                <ApplicationDate>20170830</ApplicationDate>
                <UpdatedDate>201708301612</UpdatedDate>
                <ApprovalStatus>PP - Processing Fee Payment Due</ApprovalStatus>
                <ApprovalDate>20170830</ApprovalDate>
                <FinalApprovalDate>201708301612</FinalApprovalDate>
                <ApplicationRefNo>CD201700KEBSPVOC0000023909</ApplicationRefNo>
                <VersionNo>1</VersionNo>
                <UCRNumber>UCR201700046569</UCRNumber>
            </CDStandard>
            <CDImporter>
                <Name>BOLLORE AFRICA LOGISTICS KENYA LIMITED</Name>
                <TIN>P000600883U</TIN>
                <PhysicalAddress>46586, NAIROBI</PhysicalAddress>
                <PhyCountry>AE</PhyCountry>
                <PostalAddress>46586, NAIROBI</PostalAddress>
                <PosCountry>AE</PosCountry>
                <TeleFax>0</TeleFax>
                <Email>fred@gmail.com</Email>
            </CDImporter>
            <CDConsignee>
                <Name>BOLLORE AFRICA LOGISTICS KENYA LIMITED</Name>
                <TIN>P000600883U</TIN>
                <PhysicalAddress>46586, NAIROBI</PhysicalAddress>
                <PhyCountry>AE</PhyCountry>
                <PostalAddress>46586, NAIROBI</PostalAddress>
                <PosCountry>AE</PosCountry>
                <TeleFax>0</TeleFax>
                <Email>fred@gmail.com</Email>
            </CDConsignee>
            <CDExporter>
                <Name>ACCELER GLOBAL LOGISTICS LTD</Name>
                <TIN>P000600883U</TIN>
                <PhysicalAddress>97979 MOMBASA</PhysicalAddress>
                <PhyCountry>KE</PhyCountry>
                <PostalAddress>97979 MOMBASA</PostalAddress>
                <PosCountry>KE</PosCountry>
                <TeleFax>0</TeleFax>
                <Email>usmangani@crimsonlogic.co.in</Email>
                <SectorofActivity>RET</SectorofActivity>
                <WarehouseCode>AFRICOFF</WarehouseCode>
                <WarehouseLocation>MSA</WarehouseLocation>
            </CDExporter>
            <CDConsignor>
                <Name>ACCELER GLOBAL LOGISTICS LTD</Name>
                <TIN>P000600883U</TIN>
                <PhysicalAddress>97979 MOMBASA</PhysicalAddress>
                <PhyCountry>KE</PhyCountry>
                <PostalAddress>97979 MOMBASA</PostalAddress>
                <PosCountry>KE</PosCountry>
                <TeleFax>0</TeleFax>
                <Email>usmangani@crimsonlogic.co.in</Email>
                <SectorofActivity>RET</SectorofActivity>
                <WarehouseCode>AFRICOFF</WarehouseCode>
                <WarehouseLocation>MSA</WarehouseLocation>
            </CDConsignor>
            <CDTransport>
                <ModeOfTransport>S</ModeOfTransport>
                <ModeOfTransportDesc>Sea</ModeOfTransportDesc>
                <VoyageNo>090</VoyageNo>
                <PortOfArrival>KEMBA</PortOfArrival>
                <PortOfArrivalDesc>Mombasa</PortOfArrivalDesc>
                <CustomsOffice>KEN</CustomsOffice>
                <CustomsOfficeDesc>KENCONT</CustomsOfficeDesc>
                <FreightStation>KEN</FreightStation>
                <FreightStationDesc>KENCONT LOGISTICS SERVICES LTD</FreightStationDesc>
                <CargoTypeIndicator>B</CargoTypeIndicator>
            </CDTransport>
            <PGAHeaderFields/>
            <CDHeaderOne>
                <ForeignCurrencyCode>USD</ForeignCurrencyCode>
                <ForexRate>100.954</ForexRate>
                <FOBFCY>6500.00</FOBFCY>
                <FreightFCY>0.00</FreightFCY>
                <InsuranceFCY>0.00</InsuranceFCY>
                <OtherChargesFCY>0.00</OtherChargesFCY>
                <CIFFCY>6500.00</CIFFCY>
                <FOBNCY>656201.00</FOBNCY>
                <FreightNCY>0.00</FreightNCY>
                <InsuranceNCY>0.00</InsuranceNCY>
                <OtherChargesNCY>0.00</OtherChargesNCY>
                <CIFNCY>656201.00</CIFNCY>
                <INCOTerms>CIF</INCOTerms>
                <TransactionTerms>16</TransactionTerms>
                <COMESA>N</COMESA>
                <InvoiceDate>20170801</InvoiceDate>
                <InvoiceNumber>232332</InvoiceNumber>
                <CountryOfSupply>AE</CountryOfSupply>
            </CDHeaderOne>
            <CDStandardTwo>
                <PurposeOfImport>P</PurposeOfImport>
                <ApplicantDefinedThirdPartyDetails>
                    <ThirdParties>
                        <ThirdPartyCode>rmutisoTP</ThirdPartyCode>
                        <ThirdPartyDescription>Rachael Third Party Account</ThirdPartyDescription>
                        <DistributionMethod>U</DistributionMethod>
                        <ThirdPartyAccount>rmutisotp2</ThirdPartyAccount>
                    </ThirdParties>
                </ApplicantDefinedThirdPartyDetails>
                <Attachments>
                    <AttachDocumentCode>AIDF</AttachDocumentCode>
                    <AttachDocumentCodeDesc>Approved IDF</AttachDocumentCodeDesc>
                    <AttachDocumentRefNo>54645</AttachDocumentRefNo>
                    <AttachDocumentInternalRefNo>CD201700KEBSPVOC0000023909_1_54645_5180.pdf</AttachDocumentInternalRefNo>
                </Attachments>
            </CDStandardTwo>
            <CDProductDetails>
                <ItemDetails>
                    <ItemCount>1</ItemCount>
                    <CDProduct1>
                        <ItemNo>1</ItemNo>
                        <ItemDescription>MAKER NISSAN MODEL NAME SWINGROAD
FUEL PETROL ENGINE SIZE 1500CC AUTOMATIC MISSION 97100 KM MILEAGE
PERAL WHITE IN COLOR CHSS Y12107433</ItemDescription>
                        <ItemHSCode>8301201000</ItemHSCode>
                        <HSDescription>Unassembled locks of a kind used for motor vehicles.</HSDescription>
                        <Quantity>
                            <Qty>1.0000</Qty>
                            <UnitOfQty>UN</UnitOfQty>
                        </Quantity>
                        <SupplementryQuantity>
                            <Qty>1.0000</Qty>
                            <UnitOfQty>UN</UnitOfQty>
                        </SupplementryQuantity>
                        <PackageType>BX</PackageType>
                        <PackageQty>1.00</PackageQty>
                        <ForeignCurrencyCode>USD</ForeignCurrencyCode>
                        <UnitPriceFCY>6500.00</UnitPriceFCY>
                        <TotalPriceFCY>6500.00</TotalPriceFCY>
                        <UnitPriceNCY>656201.00</UnitPriceNCY>
                        <CountryOfOrigin>AE</CountryOfOrigin>
                        <TotalPriceNCY>656201.00</TotalPriceNCY>
                        <ItemNetWeight>22000.0000</ItemNetWeight>
                        <ItemGrossWeight>22000.0000</ItemGrossWeight>
                    </CDProduct1>
                    <CDProduct2>
                        <ApplicantRemarks>Motor vehicle for personal use</ApplicantRemarks>
                    </CDProduct2>
                    <CDItemNonStandard/>
                </ItemDetails>
            </CDProductDetails>
        </ConsignmentDocDetails>
    </DocumentDetails>
    <DocumentSummary>
        <IssuedDateTime>30082017161157</IssuedDateTime>
        <SummaryPageUrl>https://trial.kenyatradenet.go.ke/keswsoga/SummaryPage.mda?ucr=UCR201700046569</SummaryPageUrl>
    </DocumentSummary>
</ConsignmentDocument>
