<?xml version="1.0" encoding="UTF-8" standalone="yes"?>
<ConsignmentDocument>
    <DocumentHeader>
        <DocumentReference>
            <DocumentType>CUSREG</DocumentType>
            <DocumentName>CONSIGNMENT DOCUMENT</DocumentName>
            <DocumentNumber>1016162507000</DocumentNumber>
            <CommonRefNumber>CD201700KEBSPVOC000002416001</CommonRefNumber>
            <MessageType>9</MessageType>
            <SenderID>eoga051</SenderID>
            <RegimeCode>C4</RegimeCode>
            <CMSRegimeCode>I</CMSRegimeCode>
            <ApprovalCategory>PRO</ApprovalCategory>
        </DocumentReference>
        <DocumentExchangeDetails>
            <ReceivingPartyDetails>
                <ReceivingParty>cust006</ReceivingParty>
            </ReceivingPartyDetails>
            <NotifyPartyDetails>
                <NotifyParty>NPM003</NotifyParty>
                <NotifyParty>NPM004</NotifyParty>
            </NotifyPartyDetails>
        </DocumentExchangeDetails>
    </DocumentHeader>
    <DocumentDetails>
        <ConsignmentDocDetails>
            <CDStandard>
                <ServiceProvider>
                    <ApplicationCode>CA</ApplicationCode>
                    <Name>ICMS CLEARING AGENT P051332767F</Name>
                    <TIN>P051332767F</TIN>
                    <PhysicalAddress>fFfffdDD</PhysicalAddress>
                    <PhyCountry>KE</PhyCountry>
                </ServiceProvider>
                <ApplicationTypeCode>CD</ApplicationTypeCode>
                <ApplicationTypeDescription>Consignment Document</ApplicationTypeDescription>
                <DocumentTypeCode>INR</DocumentTypeCode>
                <CMSDocumentTypeCode>R</CMSDocumentTypeCode>
                <DocumentTypeDescription>Inspection Report</DocumentTypeDescription>
                <ConsignmentTypeCode>C</ConsignmentTypeCode>
                <ConsignmentTypeDescription>Consignment</ConsignmentTypeDescription>
                <MDACode>KEBS</MDACode>
                <MDADescription>Kenya Bureau of Standards</MDADescription>
                <DocumentCode>PVOC</DocumentCode>
                <DocumentDescription>KEBS Inspection and Approval Document</DocumentDescription>
                <ProcessCode>PVOCPR</ProcessCode>
                <ProcessDescription>KEBS Inspection and Approval Process</ProcessDescription>
                <ApplicationDate>20171016</ApplicationDate>
                <UpdatedDate>201710161625</UpdatedDate>
                <ApprovalStatus>PP - Processing Fee Payment Due</ApprovalStatus>
                <ApprovalDate>20171016</ApprovalDate>
                <FinalApprovalDate>201710161625</FinalApprovalDate>
                <ApplicationRefNo>CD201700KEBSPVOC0000024160</ApplicationRefNo>
                <VersionNo>1</VersionNo>
                <UCRNumber>UCR201700047634</UCRNumber>
            </CDStandard>
            <CDImporter>
                <Name>iCMS testing PIN</Name>
                <TIN>P051332767F</TIN>
                <PhysicalAddress>222</PhysicalAddress>
                <PhyCountry>KE</PhyCountry>
                <PostalAddress>222</PostalAddress>
                <PosCountry>KE</PosCountry>
                <TeleFax>0705655937</TeleFax>
                <Email>info@spartansupplies.com</Email>
            </CDImporter>
            <CDConsignee>
                <Name>iCMS testing PIN</Name>
                <TIN>P051332767F</TIN>
                <PhysicalAddress>222</PhysicalAddress>
                <PhyCountry>KE</PhyCountry>
                <PostalAddress>222</PostalAddress>
                <PosCountry>KE</PosCountry>
                <TeleFax>0705655937</TeleFax>
                <Email>info@spartansupplies.com</Email>
                <SectorofActivity>RET</SectorofActivity>
                <WarehouseCode>BMSA227</WarehouseCode>
                <WarehouseLocation>MSA</WarehouseLocation>
            </CDConsignee>
            <CDExporter>
                <Name>Exporter</Name>
                <TIN>P000000000N</TIN>
                <PhysicalAddress>P.O Box 1</PhysicalAddress>
                <PhyCountry>TZ</PhyCountry>
                <PostalAddress>P.O Box 1</PostalAddress>
                <PosCountry>TZ</PosCountry>
                <TeleFax>2547656502</TeleFax>
                <Email>info@azbflp.com</Email>
                <SectorofActivity>TRD</SectorofActivity>
                <WarehouseCode>BMSA391</WarehouseCode>
                <WarehouseLocation>MSA</WarehouseLocation>
            </CDExporter>
            <CDConsignor>
                <Name>Exporter</Name>
                <TIN>P000000000N</TIN>
                <PhysicalAddress>P.O Box 1</PhysicalAddress>
                <PhyCountry>TZ</PhyCountry>
                <PostalAddress>P.O Box 1</PostalAddress>
                <PosCountry>TZ</PosCountry>
                <TeleFax>2547656502</TeleFax>
                <Email>info@azbflp.com</Email>
                <SectorofActivity>TRD</SectorofActivity>
                <WarehouseCode>BMSA391</WarehouseCode>
                <WarehouseLocation>MSA</WarehouseLocation>
            </CDConsignor>
            <CDTransport>
                <ModeOfTransport>R</ModeOfTransport>
                <ModeOfTransportDesc>Road</ModeOfTransportDesc>
                <VesselName>KALLIROE</VesselName>
                <PortOfArrival>KENMA</PortOfArrival>
                <PortOfArrivalDesc>NAMANGA</PortOfArrivalDesc>
                <PortOfDeparture>UZNMA</PortOfDeparture>
                <PortOfDepartureDesc>Namangan</PortOfDepartureDesc>
                <CustomsOffice>NMA</CustomsOffice>
                <CustomsOfficeDesc>NAMANGA</CustomsOfficeDesc>
                <FreightStation>NMA</FreightStation>
                <FreightStationDesc>NAMANGA</FreightStationDesc>
                <CargoTypeIndicator>B</CargoTypeIndicator>
            </CDTransport>
            <PGAHeaderFields>
                <PreferredInspectionDate>16102017161419</PreferredInspectionDate>
            </PGAHeaderFields>
            <CDHeaderOne>
                <ForeignCurrencyCode>USD</ForeignCurrencyCode>
                <ForexRate>103.199</ForexRate>
                <FOBFCY>20000.00</FOBFCY>
                <FreightFCY>0.00</FreightFCY>
                <InsuranceFCY>0.00</InsuranceFCY>
                <OtherChargesFCY>0.00</OtherChargesFCY>
                <CIFFCY>20000.00</CIFFCY>
                <FOBNCY>2063980.00</FOBNCY>
                <FreightNCY>0.00</FreightNCY>
                <InsuranceNCY>0.00</InsuranceNCY>
                <OtherChargesNCY>0.00</OtherChargesNCY>
                <CIFNCY>2063980.00</CIFNCY>
                <INCOTerms>DES</INCOTerms>
                <COMESA>N</COMESA>
                <InvoiceDate>20171016</InvoiceDate>
                <InvoiceNumber>12345</InvoiceNumber>
                <CountryOfSupply>TZ</CountryOfSupply>
            </CDHeaderOne>
            <CDStandardTwo>
                <ApplicantRemarks>ok</ApplicantRemarks>
                <PurposeOfImport>PURPSE9</PurposeOfImport>
                <ApplicantDefinedThirdPartyDetails>
                    <ThirdParties>
                        <ThirdPartyCode>rmutisoTP</ThirdPartyCode>
                        <ThirdPartyDescription>Rachael Third Party Account</ThirdPartyDescription>
                        <DistributionMethod>U</DistributionMethod>
                        <ThirdPartyAccount>rmutisotp2</ThirdPartyAccount>
                    </ThirdParties>
                </ApplicantDefinedThirdPartyDetails>
                <Attachments>
                    <AttachDocumentCode>AIDF</AttachDocumentCode>
                    <AttachDocumentCodeDesc>Approved IDF</AttachDocumentCodeDesc>
                    <AttachDocumentRefNo>E1700000001</AttachDocumentRefNo>
                    <AttachDocumentInternalRefNo>CD201700KEBSPVOC0000024160_1_E1700000001_5482.pdf</AttachDocumentInternalRefNo>
                </Attachments>
            </CDStandardTwo>
            <CDProductDetails>
                <ItemDetails>
                    <ItemCount>1</ItemCount>
                    <CDProduct1>
                        <ItemNo>1</ItemNo>
                        <ItemDescription>MOTORVEHICLE</ItemDescription>
                        <ItemHSCode>8702106040</ItemHSCode>
                        <HSDescription>Used pax motor vehicle, diesel, &gt;30 seater incl. driver, &gt;15yrs &lt;=20yrs</HSDescription>
                        <InternalFileNumber>1515</InternalFileNumber>
                        <ProductBrandName>LAND CRUISER</ProductBrandName>
                        <ProductActiveIngredients>TOYOTA</ProductActiveIngredients>
                        <ProductPackagingDetails>OT</ProductPackagingDetails>
                        <Quantity>
                            <Qty>2.0000</Qty>
                            <UnitOfQty>KG</UnitOfQty>
                        </Quantity>
                        <SupplementryQuantity>
                            <Qty>1.0000</Qty>
                            <UnitOfQty>VEH</UnitOfQty>
                        </SupplementryQuantity>
                        <PackageType>OT</PackageType>
                        <PackageQty>2.00</PackageQty>
                        <ForeignCurrencyCode>USD</ForeignCurrencyCode>
                        <UnitPriceFCY>10000.00</UnitPriceFCY>
                        <TotalPriceFCY>20000.00</TotalPriceFCY>
                        <UnitPriceNCY>1031990.00</UnitPriceNCY>
                        <CountryOfOrigin>TZ</CountryOfOrigin>
                        <TotalPriceNCY>2063980.00</TotalPriceNCY>
                        <ItemNetWeight>25000.0000</ItemNetWeight>
                        <ItemGrossWeight>30000.0000</ItemGrossWeight>
                    </CDProduct1>
                    <CDProduct2>
                        <ApplicantRemarks>ok</ApplicantRemarks>
                    </CDProduct2>
                    <CDItemNonStandard>
                        <ChassisNo>AHTZZZZ50G60</ChassisNo>
                        <usedIndicator>Used</usedIndicator>
                        <vehicleYear>2010</vehicleYear>
                        <vehicleModel>12-Land Cruiser</vehicleModel>
                        <vehicleMake>43-Toyota</vehicleMake>
                    </CDItemNonStandard>
                </ItemDetails>
            </CDProductDetails>
        </ConsignmentDocDetails>
    </DocumentDetails>
    <DocumentSummary>
        <IssuedDateTime>16102017162507</IssuedDateTime>
        <SummaryPageUrl>https://trial.kenyatradenet.go.ke/keswsoga/SummaryPage.mda?ucr=UCR201700047634</SummaryPageUrl>
    </DocumentSummary>
</ConsignmentDocument>
