<?xml version="1.0" encoding="UTF-8" standalone="yes"?>
<ConsignmentDocument>
    <DocumentHeader>
        <DocumentReference>
            <DocumentType>CUSREG</DocumentType>
            <DocumentName>CONSIGNMENT DOCUMENT</DocumentName>
            <DocumentNumber>1018101652000</DocumentNumber>
            <CommonRefNumber>CD201700KEBSPVOC000002417701</CommonRefNumber>
            <MessageType>9</MessageType>
            <SenderID>eoga051</SenderID>
            <RegimeCode>C4</RegimeCode>
            <CMSRegimeCode>I</CMSRegimeCode>
            <ApprovalCategory>PRO</ApprovalCategory>
        </DocumentReference>
        <DocumentExchangeDetails>
            <ReceivingPartyDetails>
                <ReceivingParty>cust006</ReceivingParty>
            </ReceivingPartyDetails>
            <NotifyPartyDetails>
                <NotifyParty>NPM003</NotifyParty>
                <NotifyParty>NPM004</NotifyParty>
            </NotifyPartyDetails>
        </DocumentExchangeDetails>
    </DocumentHeader>
    <DocumentDetails>
        <ConsignmentDocDetails>
            <CDStandard>
                <ServiceProvider>
                    <ApplicationCode>RYC</ApplicationCode>
                    <Name>RYCE E AFRICA LTD</Name>
                    <TIN>P000591376W</TIN>
                    <PhysicalAddress>49729 NAIROBI</PhysicalAddress>
                    <PhyCountry>KE</PhyCountry>
                </ServiceProvider>
                <ApplicationTypeCode>CD</ApplicationTypeCode>
                <ApplicationTypeDescription>Consignment Document</ApplicationTypeDescription>
                <DocumentTypeCode>INR</DocumentTypeCode>
                <CMSDocumentTypeCode>R</CMSDocumentTypeCode>
                <DocumentTypeDescription>Inspection Report</DocumentTypeDescription>
                <ConsignmentTypeCode>C</ConsignmentTypeCode>
                <ConsignmentTypeDescription>Consignment</ConsignmentTypeDescription>
                <MDACode>KEBS</MDACode>
                <MDADescription>Kenya Bureau of Standards</MDADescription>
                <DocumentCode>PVOC</DocumentCode>
                <DocumentDescription>KEBS Inspection and Approval Document</DocumentDescription>
                <ProcessCode>PVOCPR</ProcessCode>
                <ProcessDescription>KEBS Inspection and Approval Process</ProcessDescription>
                <ApplicationDate>20171018</ApplicationDate>
                <UpdatedDate>201710181016</UpdatedDate>
                <ApprovalStatus>PC</ApprovalStatus>
                <ApprovalDate>20171018</ApprovalDate>
                <FinalApprovalDate>201710181016</FinalApprovalDate>
                <ApplicationRefNo>CD201700KEBSPVOC0000024177</ApplicationRefNo>
                <VersionNo>1</VersionNo>
                <UCRNumber>UCR201700047674</UCRNumber>
            </CDStandard>
            <CDImporter>
                <Name>PROPOSAL AGENCIES</Name>
                <TIN>P051435941F</TIN>
                <PhysicalAddress>45 00200, NAIROBI</PhysicalAddress>
                <PhyCountry>KE</PhyCountry>
                <PostalAddress>45 00200, NAIROBI</PostalAddress>
                <PosCountry>KE</PosCountry>
                <TeleFax>553859</TeleFax>
                <Email>jose04@yahoo.com</Email>
            </CDImporter>
            <CDConsignee>
                <Name>PROPOSAL AGENCIES</Name>
                <TIN>P051435941F</TIN>
                <PhysicalAddress>45 00200, NAIROBI</PhysicalAddress>
                <PhyCountry>KE</PhyCountry>
                <PostalAddress>45 00200, NAIROBI</PostalAddress>
                <PosCountry>KE</PosCountry>
                <TeleFax>553859</TeleFax>
                <Email>jose04@yahoo.com</Email>
            </CDConsignee>
            <CDExporter>
                <Name>PROPOSAL AGENCIES</Name>
                <TIN>P051435941F</TIN>
                <PhysicalAddress>45 00200, NAIROBI</PhysicalAddress>
                <PhyCountry>CN</PhyCountry>
                <PostalAddress>45 00200, NAIROBI</PostalAddress>
                <PosCountry>CN</PosCountry>
                <TeleFax>0086-571-28931399</TeleFax>
                <Email>anningtex@hotmail.com</Email>
                <SectorofActivity>MFG</SectorofActivity>
                <WarehouseCode>BELD90</WarehouseCode>
                <WarehouseLocation>LD9</WarehouseLocation>
            </CDExporter>
            <CDConsignor>
                <Name>PROPOSAL AGENCIES</Name>
                <TIN>P051435941F</TIN>
                <PhysicalAddress>45 00200, NAIROBI</PhysicalAddress>
                <PhyCountry>CN</PhyCountry>
                <PostalAddress>45 00200, NAIROBI</PostalAddress>
                <PosCountry>CN</PosCountry>
                <TeleFax>0086-571-28931399</TeleFax>
                <Email>anningtex@hotmail.com</Email>
                <SectorofActivity>MFG</SectorofActivity>
                <WarehouseCode>BELD90</WarehouseCode>
                <WarehouseLocation>LD9</WarehouseLocation>
            </CDConsignor>
            <CDTransport>
                <ModeOfTransport>S</ModeOfTransport>
                <ModeOfTransportDesc>Sea</ModeOfTransportDesc>
                <VesselName>Others</VesselName>
                <PortOfArrival>KEMBA</PortOfArrival>
                <PortOfArrivalDesc>Mombasa</PortOfArrivalDesc>
                <CustomsOffice>AWD</CustomsOffice>
                <CustomsOfficeDesc>AWANAND</CustomsOfficeDesc>
                <FreightStation>CCF</FreightStation>
                <FreightStationDesc>COMPACT FREIGHT SYSTEMS LIMITED</FreightStationDesc>
                <CargoTypeIndicator>C</CargoTypeIndicator>
                <ContainerDetails>
                    <Containers>
                        <ContainerNumbers>PCIU232323</ContainerNumbers>
                        <ContainerNoOfPacakges>200</ContainerNoOfPacakges>
                        <ContainerSize>20P5</ContainerSize>
                        <ContainerSealNo>GSGSGSGS</ContainerSealNo>
                        <ContainerLoadIndicator>LCL/FCL </ContainerLoadIndicator>
                    </Containers>
                    <Containers>
                        <ContainerNumbers>PCIU232326</ContainerNumbers>
                        <ContainerNoOfPacakges>100</ContainerNoOfPacakges>
                        <ContainerSize>2164</ContainerSize>
                        <ContainerSealNo>KSKSKSKS</ContainerSealNo>
                        <ContainerLoadIndicator>LCL/FCL </ContainerLoadIndicator>
                    </Containers>
                </ContainerDetails>
            </CDTransport>
            <PGAHeaderFields/>
            <CDHeaderOne>
                <ForeignCurrencyCode>USD</ForeignCurrencyCode>
                <ForexRate>103.199</ForexRate>
                <FOBFCY>10000.00</FOBFCY>
                <FreightFCY>0.00</FreightFCY>
                <InsuranceFCY>0.00</InsuranceFCY>
                <OtherChargesFCY>0.00</OtherChargesFCY>
                <CIFFCY>10000.00</CIFFCY>
                <FOBNCY>1031990.00</FOBNCY>
                <FreightNCY>0.00</FreightNCY>
                <InsuranceNCY>0.00</InsuranceNCY>
                <OtherChargesNCY>0.00</OtherChargesNCY>
                <CIFNCY>1031990.00</CIFNCY>
                <INCOTerms>FOB</INCOTerms>
                <COMESA>N</COMESA>
                <InvoiceDate>20171017</InvoiceDate>
                <InvoiceNumber>KS123</InvoiceNumber>
                <CountryOfSupply>CN</CountryOfSupply>
            </CDHeaderOne>
            <CDStandardTwo>
                <ApplicantRemarks>APPROVE</ApplicantRemarks>
                <PurposeOfImport>PURPSE1</PurposeOfImport>
                <ApplicantDefinedThirdPartyDetails>
                    <ThirdParties>
                        <ThirdPartyCode>rmutisoTP</ThirdPartyCode>
                        <ThirdPartyDescription>Rachael Third Party Account</ThirdPartyDescription>
                        <DistributionMethod>U</DistributionMethod>
                        <ThirdPartyAccount>rmutisotp2</ThirdPartyAccount>
                    </ThirdParties>
                </ApplicantDefinedThirdPartyDetails>
                <Attachments>
                    <AttachDocumentCode>AIDF</AttachDocumentCode>
                    <AttachDocumentCodeDesc>Approved IDF</AttachDocumentCodeDesc>
                    <AttachDocumentRefNo>e171684564</AttachDocumentRefNo>
                    <AttachDocumentInternalRefNo>CD201700KEBSPVOC0000024177_1_e171684564_5507.docx</AttachDocumentInternalRefNo>
                </Attachments>
            </CDStandardTwo>
            <CDProductDetails>
                <ItemDetails>
                    <ItemCount>1</ItemCount>
                    <CDProduct1>
                        <ItemNo>1</ItemNo>
                        <ItemDescription>interlining materials</ItemDescription>
                        <ItemHSCode>0401500000</ItemHSCode>
                        <HSDescription>Milk and cream, not concentrated nor containing added sugar or other sweetening matter of a fat content by weight,exceeding 10%</HSDescription>
                        <Quantity>
                            <Qty>1000.0000</Qty>
                            <UnitOfQty>KG</UnitOfQty>
                        </Quantity>
                        <PackageType>BF</PackageType>
                        <PackageQty>500.00</PackageQty>
                        <ForeignCurrencyCode>USD</ForeignCurrencyCode>
                        <UnitPriceFCY>10.00</UnitPriceFCY>
                        <TotalPriceFCY>10000.00</TotalPriceFCY>
                        <UnitPriceNCY>1031.99</UnitPriceNCY>
                        <CountryOfOrigin>CN</CountryOfOrigin>
                        <TotalPriceNCY>1031990.00</TotalPriceNCY>
                        <ItemNetWeight>2000.0000</ItemNetWeight>
                        <ItemGrossWeight>3000.0000</ItemGrossWeight>
                    </CDProduct1>
                    <CDProduct2>
                        <ApplicantRemarks>APPROVE</ApplicantRemarks>
                    </CDProduct2>
                    <CDItemNonStandard/>
                </ItemDetails>
            </CDProductDetails>
        </ConsignmentDocDetails>
    </DocumentDetails>
    <DocumentSummary>
        <IssuedDateTime>18102017101510</IssuedDateTime>
        <SummaryPageUrl>https://trial.kenyatradenet.go.ke/keswsoga/SummaryPage.mda?ucr=UCR201700047674</SummaryPageUrl>
    </DocumentSummary>
</ConsignmentDocument>
