<?xml version="1.0" encoding="UTF-8" standalone="yes"?>
<ConsignmentDocument>
    <DocumentHeader>
        <DocumentReference>
            <DocumentType>CUSREG</DocumentType>
            <DocumentName>CONSIGNMENT DOCUMENT</DocumentName>
            <DocumentNumber>1018110115000</DocumentNumber>
            <CommonRefNumber>CD201700KEBSPVOC000002417501</CommonRefNumber>
            <MessageType>9</MessageType>
            <SenderID>eoga051</SenderID>
            <RegimeCode>C4</RegimeCode>
            <CMSRegimeCode>I</CMSRegimeCode>
            <ApprovalCategory>PRO</ApprovalCategory>
        </DocumentReference>
        <DocumentExchangeDetails>
            <ReceivingPartyDetails>
                <ReceivingParty>cust006</ReceivingParty>
            </ReceivingPartyDetails>
            <NotifyPartyDetails>
                <NotifyParty>NPM003</NotifyParty>
                <NotifyParty>NPM004</NotifyParty>
            </NotifyPartyDetails>
        </DocumentExchangeDetails>
    </DocumentHeader>
    <DocumentDetails>
        <ConsignmentDocDetails>
            <CDStandard>
                <ServiceProvider>
                    <ApplicationCode>RYC</ApplicationCode>
                    <Name>RYCE E AFRICA LTD</Name>
                    <TIN>P000591376W</TIN>
                    <PhysicalAddress>49729 NAIROBI</PhysicalAddress>
                    <PhyCountry>KE</PhyCountry>
                </ServiceProvider>
                <ApplicationTypeCode>CD</ApplicationTypeCode>
                <ApplicationTypeDescription>Consignment Document</ApplicationTypeDescription>
                <DocumentTypeCode>INR</DocumentTypeCode>
                <CMSDocumentTypeCode>R</CMSDocumentTypeCode>
                <DocumentTypeDescription>Inspection Report</DocumentTypeDescription>
                <ConsignmentTypeCode>C</ConsignmentTypeCode>
                <ConsignmentTypeDescription>Consignment</ConsignmentTypeDescription>
                <MDACode>KEBS</MDACode>
                <MDADescription>Kenya Bureau of Standards</MDADescription>
                <DocumentCode>PVOC</DocumentCode>
                <DocumentDescription>KEBS Inspection and Approval Document</DocumentDescription>
                <ProcessCode>PVOCPR</ProcessCode>
                <ProcessDescription>KEBS Inspection and Approval Process</ProcessDescription>
                <ApplicationDate>20171018</ApplicationDate>
                <UpdatedDate>201710181101</UpdatedDate>
                <ApprovalStatus>PC</ApprovalStatus>
                <ApprovalDate>20171018</ApprovalDate>
                <FinalApprovalDate>201710181101</FinalApprovalDate>
                <ApplicationRefNo>CD201700KEBSPVOC0000024175</ApplicationRefNo>
                <VersionNo>1</VersionNo>
                <UCRNumber>UCR201700047672</UCRNumber>
            </CDStandard>
            <CDImporter>
                <Name>RYCE E AFRICA LTD</Name>
                <TIN>P000591376W</TIN>
                <PhysicalAddress>49729 NAIROBI</PhysicalAddress>
                <PhyCountry>KE</PhyCountry>
                <PostalAddress>49729 NAIROBI</PostalAddress>
                <PosCountry>KE</PosCountry>
                <TeleFax>2226365</TeleFax>
                <Email>bngumi@kentrade.go.ke</Email>
                <SectorofActivity>TRD</SectorofActivity>
                <WarehouseCode>BMSA79</WarehouseCode>
                <WarehouseLocation>MSA</WarehouseLocation>
            </CDImporter>
            <CDConsignee>
                <Name>RYCE E AFRICA LTD</Name>
                <TIN>P000591376W</TIN>
                <PhysicalAddress>49729 NAIROBI</PhysicalAddress>
                <PhyCountry>KE</PhyCountry>
                <PostalAddress>49729 NAIROBI</PostalAddress>
                <PosCountry>KE</PosCountry>
                <TeleFax>2226365</TeleFax>
                <Email>bngumi@kentrade.go.ke</Email>
                <SectorofActivity>TRD</SectorofActivity>
                <WarehouseCode>BMSA79</WarehouseCode>
                <WarehouseLocation>MSA</WarehouseLocation>
            </CDConsignee>
            <CDExporter>
                <Name>FREIGHT FORWARDERS KENYA LIMITED</Name>
                <TIN>P000619117T</TIN>
                <PhysicalAddress>90682 80100, MOMBASA</PhysicalAddress>
                <PhyCountry>TZ</PhyCountry>
                <PostalAddress>90682 80100, MOMBASA</PostalAddress>
                <PosCountry>TZ</PosCountry>
                <TeleFax>232323</TeleFax>
                <Email>phaviv@gmail.com</Email>
                <SectorofActivity>TRD</SectorofActivity>
                <WarehouseCode>AIRFLOL</WarehouseCode>
                <WarehouseLocation>MSA</WarehouseLocation>
            </CDExporter>
            <CDConsignor>
                <Name>FREIGHT FORWARDERS KENYA LIMITED</Name>
                <TIN>P000619117T</TIN>
                <PhysicalAddress>90682 80100, MOMBASA</PhysicalAddress>
                <PhyCountry>TZ</PhyCountry>
                <PostalAddress>90682 80100, MOMBASA</PostalAddress>
                <PosCountry>TZ</PosCountry>
                <TeleFax>232323</TeleFax>
                <Email>phaviv@gmail.com</Email>
                <SectorofActivity>TRD</SectorofActivity>
                <WarehouseCode>AIRFLOL</WarehouseCode>
                <WarehouseLocation>MSA</WarehouseLocation>
            </CDConsignor>
            <CDTransport>
                <ModeOfTransport>R</ModeOfTransport>
                <ModeOfTransportDesc>Road</ModeOfTransportDesc>
                <VesselName>Others</VesselName>
                <VoyageNo>1462</VoyageNo>
                <ShipmentDate>20171010</ShipmentDate>
                <ManifestNo>232323</ManifestNo>
                <BLAWB>232323</BLAWB>
                <MarksAndNumbers>232323</MarksAndNumbers>
                <PortOfArrival>KENMA</PortOfArrival>
                <PortOfArrivalDesc>NAMANGA</PortOfArrivalDesc>
                <PortOfDeparture>ARK</PortOfDeparture>
                <PortOfDepartureDesc>Arusha</PortOfDepartureDesc>
                <CustomsOffice>NMA</CustomsOffice>
                <CustomsOfficeDesc>NAMANGA</CustomsOfficeDesc>
                <FreightStation>NMA</FreightStation>
                <FreightStationDesc>NAMANGA</FreightStationDesc>
                <CargoTypeIndicator>G</CargoTypeIndicator>
            </CDTransport>
            <PGAHeaderFields>
                <PreferredInspectionDate>18102017143000</PreferredInspectionDate>
            </PGAHeaderFields>
            <CDHeaderOne>
                <ForeignCurrencyCode>USD</ForeignCurrencyCode>
                <ForexRate>103.199</ForexRate>
                <FOBFCY>50000.00</FOBFCY>
                <FreightFCY>0.00</FreightFCY>
                <InsuranceFCY>0.00</InsuranceFCY>
                <OtherChargesFCY>0.00</OtherChargesFCY>
                <CIFFCY>50000.00</CIFFCY>
                <FOBNCY>5159950.00</FOBNCY>
                <FreightNCY>0.00</FreightNCY>
                <InsuranceNCY>0.00</InsuranceNCY>
                <OtherChargesNCY>0.00</OtherChargesNCY>
                <CIFNCY>5159950.00</CIFNCY>
                <INCOTerms>FCA</INCOTerms>
                <TransactionTerms>15</TransactionTerms>
                <COMESA>N</COMESA>
                <InvoiceDate>20171016</InvoiceDate>
                <InvoiceNumber>232323</InvoiceNumber>
                <CountryOfSupply>TZ</CountryOfSupply>
            </CDHeaderOne>
            <CDStandardTwo>
                <ApplicantRemarks>OK</ApplicantRemarks>
                <PurposeOfImport>T</PurposeOfImport>
                <ApplicantDefinedThirdPartyDetails>
                    <ThirdParties>
                        <ThirdPartyCode>rmutisoTP</ThirdPartyCode>
                        <ThirdPartyDescription>Rachael Third Party Account</ThirdPartyDescription>
                        <DistributionMethod>U</DistributionMethod>
                        <ThirdPartyAccount>rmutisotp2</ThirdPartyAccount>
                    </ThirdParties>
                </ApplicantDefinedThirdPartyDetails>
                <Attachments>
                    <AttachDocumentCode>AIDF</AttachDocumentCode>
                    <AttachDocumentCodeDesc>Approved IDF</AttachDocumentCodeDesc>
                    <AttachDocumentRefNo>E170000002</AttachDocumentRefNo>
                    <AttachDocumentInternalRefNo>CD201700KEBSPVOC0000024175_1_E170000002_5524.pdf</AttachDocumentInternalRefNo>
                </Attachments>
                <Attachments>
                    <AttachDocumentCode>IDF</AttachDocumentCode>
                    <AttachDocumentCodeDesc>Import Declaration Form</AttachDocumentCodeDesc>
                    <AttachDocumentRefNo>E1700000001</AttachDocumentRefNo>
                    <AttachDocumentInternalRefNo>CD201700KEBSPVOC0000024175_1_E1700000001_5523.pdf</AttachDocumentInternalRefNo>
                </Attachments>
            </CDStandardTwo>
            <CDProductDetails>
                <ItemDetails>
                    <ItemCount>5</ItemCount>
                    <CDProduct1>
                        <ItemNo>1</ItemNo>
                        <ItemDescription>Hardware items</ItemDescription>
                        <ItemHSCode>9030900000</ItemHSCode>
                        <HSDescription>Parts/accessories of electrical... measuring... instruments of 90.30</HSDescription>
                        <Quantity>
                            <Qty>200.0000</Qty>
                            <UnitOfQty>KG</UnitOfQty>
                        </Quantity>
                        <PackageType>BX</PackageType>
                        <PackageQty>4.00</PackageQty>
                        <ForeignCurrencyCode>USD</ForeignCurrencyCode>
                        <UnitPriceFCY>0.50</UnitPriceFCY>
                        <TotalPriceFCY>100.00</TotalPriceFCY>
                        <UnitPriceNCY>51.60</UnitPriceNCY>
                        <CountryOfOrigin>TZ</CountryOfOrigin>
                        <TotalPriceNCY>10319.90</TotalPriceNCY>
                        <ItemNetWeight>20.0000</ItemNetWeight>
                        <ItemGrossWeight>22.0000</ItemGrossWeight>
                    </CDProduct1>
                    <CDProduct2>
                        <ApplicantRemarks>OK</ApplicantRemarks>
                    </CDProduct2>
                    <CDItemNonStandard/>
                </ItemDetails>
                <ItemDetails>
                    <ItemCount>5</ItemCount>
                    <CDProduct1>
                        <ItemNo>2</ItemNo>
                        <ItemDescription>Hardware items</ItemDescription>
                        <ItemHSCode>9015900000</ItemHSCode>
                        <HSDescription>Parts and accessories of surveying... instruments/apparatus of 90.15</HSDescription>
                        <Quantity>
                            <Qty>400.0000</Qty>
                            <UnitOfQty>KG</UnitOfQty>
                        </Quantity>
                        <PackageType>BX</PackageType>
                        <PackageQty>8.00</PackageQty>
                        <ForeignCurrencyCode>USD</ForeignCurrencyCode>
                        <UnitPriceFCY>5.00</UnitPriceFCY>
                        <TotalPriceFCY>2000.00</TotalPriceFCY>
                        <UnitPriceNCY>516.00</UnitPriceNCY>
                        <CountryOfOrigin>TZ</CountryOfOrigin>
                        <TotalPriceNCY>206398.00</TotalPriceNCY>
                        <ItemNetWeight>160.0000</ItemNetWeight>
                        <ItemGrossWeight>165.0000</ItemGrossWeight>
                    </CDProduct1>
                    <CDProduct2>
                        <ApplicantRemarks>OK</ApplicantRemarks>
                    </CDProduct2>
                    <CDItemNonStandard/>
                </ItemDetails>
                <ItemDetails>
                    <ItemCount>5</ItemCount>
                    <CDProduct1>
                        <ItemNo>3</ItemNo>
                        <ItemDescription>Hardware items</ItemDescription>
                        <ItemHSCode>8481900000</ItemHSCode>
                        <HSDescription>Parts of taps, cocks valves and similar appliances or pipes, boiler shells, tanks, vats or the like.</HSDescription>
                        <Quantity>
                            <Qty>2000.0000</Qty>
                            <UnitOfQty>KG</UnitOfQty>
                        </Quantity>
                        <PackageType>BX</PackageType>
                        <PackageQty>200.00</PackageQty>
                        <ForeignCurrencyCode>USD</ForeignCurrencyCode>
                        <UnitPriceFCY>20.00</UnitPriceFCY>
                        <TotalPriceFCY>40000.00</TotalPriceFCY>
                        <UnitPriceNCY>2063.98</UnitPriceNCY>
                        <CountryOfOrigin>TZ</CountryOfOrigin>
                        <TotalPriceNCY>4127960.00</TotalPriceNCY>
                        <ItemNetWeight>200.0000</ItemNetWeight>
                        <ItemGrossWeight>205.0000</ItemGrossWeight>
                    </CDProduct1>
                    <CDProduct2>
                        <ApplicantRemarks>OK</ApplicantRemarks>
                    </CDProduct2>
                    <CDItemNonStandard/>
                </ItemDetails>
                <ItemDetails>
                    <ItemCount>5</ItemCount>
                    <CDProduct1>
                        <ItemNo>4</ItemNo>
                        <ItemDescription>Hardware items</ItemDescription>
                        <ItemHSCode>9030900000</ItemHSCode>
                        <HSDescription>Parts/accessories of electrical... measuring... instruments of 90.30</HSDescription>
                        <Quantity>
                            <Qty>50000.0000</Qty>
                            <UnitOfQty>KG</UnitOfQty>
                        </Quantity>
                        <PackageType>BX</PackageType>
                        <PackageQty>2500.00</PackageQty>
                        <ForeignCurrencyCode>USD</ForeignCurrencyCode>
                        <UnitPriceFCY>0.14</UnitPriceFCY>
                        <TotalPriceFCY>7000.00</TotalPriceFCY>
                        <UnitPriceNCY>14.45</UnitPriceNCY>
                        <CountryOfOrigin>TZ</CountryOfOrigin>
                        <TotalPriceNCY>722393.00</TotalPriceNCY>
                        <ItemNetWeight>100000.0000</ItemNetWeight>
                        <ItemGrossWeight>100050.0000</ItemGrossWeight>
                    </CDProduct1>
                    <CDProduct2>
                        <ApplicantRemarks>OK</ApplicantRemarks>
                    </CDProduct2>
                    <CDItemNonStandard/>
                </ItemDetails>
                <ItemDetails>
                    <ItemCount>5</ItemCount>
                    <CDProduct1>
                        <ItemNo>5</ItemNo>
                        <ItemDescription>Hardware items</ItemDescription>
                        <ItemHSCode>9030900000</ItemHSCode>
                        <HSDescription>Parts/accessories of electrical... measuring... instruments of 90.30</HSDescription>
                        <Quantity>
                            <Qty>90.0000</Qty>
                            <UnitOfQty>KG</UnitOfQty>
                        </Quantity>
                        <PackageType>BX</PackageType>
                        <PackageQty>9.00</PackageQty>
                        <ForeignCurrencyCode>USD</ForeignCurrencyCode>
                        <UnitPriceFCY>10.00</UnitPriceFCY>
                        <TotalPriceFCY>900.00</TotalPriceFCY>
                        <UnitPriceNCY>1031.99</UnitPriceNCY>
                        <CountryOfOrigin>TZ</CountryOfOrigin>
                        <TotalPriceNCY>92879.10</TotalPriceNCY>
                        <ItemNetWeight>90.0000</ItemNetWeight>
                        <ItemGrossWeight>95.0000</ItemGrossWeight>
                    </CDProduct1>
                    <CDProduct2>
                        <ApplicantRemarks>OK</ApplicantRemarks>
                    </CDProduct2>
                    <CDItemNonStandard/>
                </ItemDetails>
            </CDProductDetails>
        </ConsignmentDocDetails>
    </DocumentDetails>
    <DocumentSummary>
        <IssuedDateTime>18102017110009</IssuedDateTime>
        <SummaryPageUrl>https://trial.kenyatradenet.go.ke/keswsoga/SummaryPage.mda?ucr=UCR201700047672</SummaryPageUrl>
    </DocumentSummary>
</ConsignmentDocument>
