<?xml version="1.0" encoding="UTF-8" standalone="yes"?>
<ConsignmentDocument>
    <DocumentHeader>
        <DocumentReference>
            <DocumentType>CUSREG</DocumentType>
            <DocumentName>CONSIGNMENT DOCUMENT</DocumentName>
            <DocumentNumber>1207161036000</DocumentNumber>
            <CommonRefNumber>CD201700KEBSPVOC000002431001</CommonRefNumber>
            <MessageType>9</MessageType>
            <SenderID>eoga051</SenderID>
            <RegimeCode>C4</RegimeCode>
            <CMSRegimeCode>I</CMSRegimeCode>
            <ApprovalCategory>PRO</ApprovalCategory>
        </DocumentReference>
        <DocumentExchangeDetails>
            <ReceivingPartyDetails>
                <ReceivingParty>cust006</ReceivingParty>
            </ReceivingPartyDetails>
            <NotifyPartyDetails>
                <NotifyParty>NPM003</NotifyParty>
                <NotifyParty>NPM004</NotifyParty>
            </NotifyPartyDetails>
        </DocumentExchangeDetails>
    </DocumentHeader>
    <DocumentDetails>
        <ConsignmentDocDetails>
            <CDStandard>
                <ServiceProvider>
                    <ApplicationCode>RYC</ApplicationCode>
                    <Name>RYCE E AFRICA LTD</Name>
                    <TIN>P000591376W</TIN>
                    <PhysicalAddress>49729 NAIROBI</PhysicalAddress>
                    <PhyCountry>KE</PhyCountry>
                </ServiceProvider>
                <ApplicationTypeCode>CD</ApplicationTypeCode>
                <ApplicationTypeDescription>Consignment Document</ApplicationTypeDescription>
                <DocumentTypeCode>INR</DocumentTypeCode>
                <CMSDocumentTypeCode>R</CMSDocumentTypeCode>
                <DocumentTypeDescription>Inspection Report</DocumentTypeDescription>
                <ConsignmentTypeCode>C</ConsignmentTypeCode>
                <ConsignmentTypeDescription>Consignment</ConsignmentTypeDescription>
                <MDACode>KEBS</MDACode>
                <MDADescription>Kenya Bureau of Standards</MDADescription>
                <DocumentCode>PVOC</DocumentCode>
                <DocumentDescription>KEBS Inspection and Approval Document</DocumentDescription>
                <ProcessCode>PVOCPR</ProcessCode>
                <ProcessDescription>KEBS Inspection and Approval Process</ProcessDescription>
                <ApplicationDate>20171207</ApplicationDate>
                <UpdatedDate>201712071610</UpdatedDate>
                <ApprovalStatus>SU - Submitted</ApprovalStatus>
                <ApprovalDate>20171207</ApprovalDate>
                <FinalApprovalDate>201712071610</FinalApprovalDate>
                <ApplicationRefNo>CD201700KEBSPVOC0000024310</ApplicationRefNo>
                <VersionNo>1</VersionNo>
                <UCRNumber>UCR201700048687</UCRNumber>
            </CDStandard>
            <CDImporter>
                <Name>RYCE E AFRICA LTD</Name>
                <TIN>P000591376W</TIN>
                <PhysicalAddress>49729 NAIROBI</PhysicalAddress>
                <PhyCountry>KE</PhyCountry>
                <PostalAddress>49729 NAIROBI</PostalAddress>
                <PosCountry>KE</PosCountry>
                <TeleFax>123212</TeleFax>
                <Email>bngumi@kentrade.go.ke</Email>
            </CDImporter>
            <CDConsignee>
                <Name>uweidj</Name>
                <TIN>P051332767F</TIN>
                <PhysicalAddress>ppppp
					 arcade</PhysicalAddress>
                <PhyCountry>KE</PhyCountry>
                <PostalAddress>ppppp
					 arcade</PostalAddress>
                <PosCountry>KE</PosCountry>
                <TeleFax>2</TeleFax>
                <Email>BNGUMI@KENTRADE.GO.KE</Email>
            </CDConsignee>
            <CDExporter>
                <Name>Exporter</Name>
                <TIN>P000000000N</TIN>
                <PhysicalAddress>P.O Box 1</PhysicalAddress>
                <PhyCountry>JP</PhyCountry>
                <PostalAddress>P.O Box 1</PostalAddress>
                <PosCountry>JP</PosCountry>
                <TeleFax>2312</TeleFax>
                <Email>info@japna.com</Email>
                <SectorofActivity>MFG</SectorofActivity>
                <WarehouseCode>AFRICOFF</WarehouseCode>
                <WarehouseLocation>NBI</WarehouseLocation>
            </CDExporter>
            <CDConsignor>
                <Name>uweidj</Name>
                <TIN>P051332767F</TIN>
                <PhysicalAddress>ppppp
					 arcade</PhysicalAddress>
                <PhyCountry>KE</PhyCountry>
                <PostalAddress>ppppp
					 arcade</PostalAddress>
                <PosCountry>KE</PosCountry>
                <TeleFax>2</TeleFax>
                <Email>BNGUMI@KENTRADE.GO.KE</Email>
                <SectorofActivity>MFG</SectorofActivity>
                <WarehouseCode>AFRICOFF</WarehouseCode>
                <WarehouseLocation>NBI</WarehouseLocation>
            </CDConsignor>
            <CDTransport>
                <ModeOfTransport>R</ModeOfTransport>
                <ModeOfTransportDesc>Road</ModeOfTransportDesc>
                <PortOfArrival>KEMBA</PortOfArrival>
                <PortOfArrivalDesc>Mombasa</PortOfArrivalDesc>
                <PortOfDeparture>KEEYS</PortOfDeparture>
                <PortOfDepartureDesc>Eliye Springs</PortOfDepartureDesc>
                <CustomsOffice>CCF</CustomsOffice>
                <CustomsOfficeDesc>COMPACT FREIGHT SYSTEM LIMITED</CustomsOfficeDesc>
                <FreightStation>FFK</FreightStation>
                <FreightStationDesc>CONSOLEBASE LTD</FreightStationDesc>
                <CargoTypeIndicator>B</CargoTypeIndicator>
            </CDTransport>
            <CDHeaderOne>
                <ForeignCurrencyCode>USD</ForeignCurrencyCode>
                <ForexRate>103.199</ForexRate>
                <FOBFCY>593916.40</FOBFCY>
                <FreightFCY>0.00</FreightFCY>
                <InsuranceFCY>0.00</InsuranceFCY>
                <OtherChargesFCY>0.00</OtherChargesFCY>
                <CIFFCY>593916.40</CIFFCY>
                <FOBNCY>61291578.56</FOBNCY>
                <FreightNCY>0.00</FreightNCY>
                <InsuranceNCY>0.00</InsuranceNCY>
                <OtherChargesNCY>0.00</OtherChargesNCY>
                <CIFNCY>61291578.56</CIFNCY>
                <INCOTerms>CIP</INCOTerms>
                <TransactionTerms>11</TransactionTerms>
                <COMESA>N</COMESA>
                <InvoiceDate>20171124</InvoiceDate>
                <InvoiceNumber>INV2312</InvoiceNumber>
                <CountryOfSupply>BH</CountryOfSupply>
            </CDHeaderOne>
            <CDStandardTwo>
                <PurposeOfImport>E</PurposeOfImport>
                <Attachments>
                    <AttachDocumentCode>AIDF</AttachDocumentCode>
                    <AttachDocumentCodeDesc>Approved IDF</AttachDocumentCodeDesc>
                    <AttachDocumentRefNo>AIDF</AttachDocumentRefNo>
                    <AttachDocumentInternalRefNo>CD201700KEBSPVOC0000024310_1_AIDF_5715.jpg</AttachDocumentInternalRefNo>
                </Attachments>
            </CDStandardTwo>
            <CDProductDetails>
                <ItemDetails>
                    <ItemCount>3</ItemCount>
                    <CDProduct1>
                        <ItemNo>1</ItemNo>
                        <ItemDescription>APPLES</ItemDescription>
                        <ItemHSCode>0808100000</ItemHSCode>
                        <HSDescription>Apples, fresh.</HSDescription>
                        <Quantity>
                            <Qty>2343.0000</Qty>
                            <UnitOfQty>KGM</UnitOfQty>
                        </Quantity>
                        <PackageType>KGM</PackageType>
                        <PackageQty>2343.00</PackageQty>
                        <ForeignCurrencyCode>USD</ForeignCurrencyCode>
                        <UnitPriceFCY>0.00</UnitPriceFCY>
                        <TotalPriceFCY>104747.16</TotalPriceFCY>
                        <UnitPriceNCY>0.00</UnitPriceNCY>
                        <CountryOfOrigin>DE</CountryOfOrigin>
                        <TotalPriceNCY>0.00</TotalPriceNCY>
                        <ItemNetWeight>22143.0000</ItemNetWeight>
                        <ItemGrossWeight>22143.0000</ItemGrossWeight>
                    </CDProduct1>
                    <CDItemNonStandard>
                        <ChassisNo>N</ChassisNo>
                        <usedIndicator>New</usedIndicator>
                    </CDItemNonStandard>
                </ItemDetails>
                <ItemDetails>
                    <ItemCount>3</ItemCount>
                    <CDProduct1>
                        <ItemNo>2</ItemNo>
                        <ItemDescription>AVOCADOES</ItemDescription>
                        <ItemHSCode>0804400000</ItemHSCode>
                        <HSDescription>Avocados, fresh or dried.</HSDescription>
                        <Quantity>
                            <Qty>24.0000</Qty>
                            <UnitOfQty>KGM</UnitOfQty>
                        </Quantity>
                        <PackageType>KGM</PackageType>
                        <PackageQty>24.00</PackageQty>
                        <ForeignCurrencyCode>USD</ForeignCurrencyCode>
                        <UnitPriceFCY>0.00</UnitPriceFCY>
                        <TotalPriceFCY>104747.16</TotalPriceFCY>
                        <UnitPriceNCY>0.00</UnitPriceNCY>
                        <CountryOfOrigin>DE</CountryOfOrigin>
                        <TotalPriceNCY>0.00</TotalPriceNCY>
                        <ItemNetWeight>23.0000</ItemNetWeight>
                        <ItemGrossWeight>23.0000</ItemGrossWeight>
                    </CDProduct1>
                    <CDItemNonStandard>
                        <ChassisNo>N</ChassisNo>
                        <usedIndicator>New</usedIndicator>
                    </CDItemNonStandard>
                </ItemDetails>
                <ItemDetails>
                    <ItemCount>3</ItemCount>
                    <CDProduct1>
                        <ItemNo>3</ItemNo>
                        <ItemDescription>BANANAS</ItemDescription>
                        <ItemHSCode>0803900000</ItemHSCode>
                        <HSDescription>Other bananas :fresh or dried</HSDescription>
                        <Quantity>
                            <Qty>100.0000</Qty>
                            <UnitOfQty>KGM</UnitOfQty>
                        </Quantity>
                        <PackageType>KGM</PackageType>
                        <PackageQty>100.00</PackageQty>
                        <ForeignCurrencyCode>USD</ForeignCurrencyCode>
                        <UnitPriceFCY>0.00</UnitPriceFCY>
                        <TotalPriceFCY>384422.08</TotalPriceFCY>
                        <UnitPriceNCY>0.00</UnitPriceNCY>
                        <CountryOfOrigin>JP</CountryOfOrigin>
                        <TotalPriceNCY>0.00</TotalPriceNCY>
                        <ItemNetWeight>100.0000</ItemNetWeight>
                        <ItemGrossWeight>100.0000</ItemGrossWeight>
                    </CDProduct1>
                    <CDItemNonStandard>
                        <ChassisNo>N</ChassisNo>
                        <usedIndicator>New</usedIndicator>
                    </CDItemNonStandard>
                </ItemDetails>
            </CDProductDetails>
        </ConsignmentDocDetails>
    </DocumentDetails>
    <DocumentSummary>
        <IssuedDateTime>07122017161012</IssuedDateTime>
        <SummaryPageUrl>https://trial.kenyatradenet.go.ke/keswsoga/SummaryPage.mda?ucr=UCR201700048687</SummaryPageUrl>
    </DocumentSummary>
</ConsignmentDocument>
