<?xml version="1.0" encoding="UTF-8" standalone="yes"?>
<ConsignmentDocument>
    <DocumentHeader>
        <DocumentReference>
            <DocumentType>CUSREG</DocumentType>
            <DocumentName>CONSIGNMENT DOCUMENT</DocumentName>
            <DocumentNumber>1018113937000</DocumentNumber>
            <CommonRefNumber>CD201700KEBSPVOC000002418201</CommonRefNumber>
            <MessageType>9</MessageType>
            <SenderID>eoga051</SenderID>
            <RegimeCode>C4</RegimeCode>
            <CMSRegimeCode>I</CMSRegimeCode>
            <ApprovalCategory>PRO</ApprovalCategory>
        </DocumentReference>
        <DocumentExchangeDetails>
            <ReceivingPartyDetails>
                <ReceivingParty>cust006</ReceivingParty>
            </ReceivingPartyDetails>
            <NotifyPartyDetails>
                <NotifyParty>NPM003</NotifyParty>
                <NotifyParty>NPM004</NotifyParty>
            </NotifyPartyDetails>
        </DocumentExchangeDetails>
    </DocumentHeader>
    <DocumentDetails>
        <ConsignmentDocDetails>
            <CDStandard>
                <ServiceProvider>
                    <ApplicationCode>RYC</ApplicationCode>
                    <Name>RYCE E AFRICA LTD</Name>
                    <TIN>P000591376W</TIN>
                    <PhysicalAddress>49729 NAIROBI</PhysicalAddress>
                    <PhyCountry>KE</PhyCountry>
                </ServiceProvider>
                <ApplicationTypeCode>CD</ApplicationTypeCode>
                <ApplicationTypeDescription>Consignment Document</ApplicationTypeDescription>
                <DocumentTypeCode>INR</DocumentTypeCode>
                <CMSDocumentTypeCode>R</CMSDocumentTypeCode>
                <DocumentTypeDescription>Inspection Report</DocumentTypeDescription>
                <ConsignmentTypeCode>C</ConsignmentTypeCode>
                <ConsignmentTypeDescription>Consignment</ConsignmentTypeDescription>
                <MDACode>KEBS</MDACode>
                <MDADescription>Kenya Bureau of Standards</MDADescription>
                <DocumentCode>PVOC</DocumentCode>
                <DocumentDescription>KEBS Inspection and Approval Document</DocumentDescription>
                <ProcessCode>PVOCPR</ProcessCode>
                <ProcessDescription>KEBS Inspection and Approval Process</ProcessDescription>
                <ApplicationDate>20171018</ApplicationDate>
                <UpdatedDate>201710181139</UpdatedDate>
                <ApprovalStatus>PC</ApprovalStatus>
                <ApprovalDate>20171018</ApprovalDate>
                <FinalApprovalDate>201710181139</FinalApprovalDate>
                <ApplicationRefNo>CD201700KEBSPVOC0000024182</ApplicationRefNo>
                <VersionNo>1</VersionNo>
                <UCRNumber>UCR201700047682</UCRNumber>
            </CDStandard>
            <CDImporter>
                <Name>RYCE E AFRICA LTD</Name>
                <TIN>P000591376W</TIN>
                <PhysicalAddress>49729 NAIROBI</PhysicalAddress>
                <PhyCountry>KE</PhyCountry>
                <PostalAddress>49729 NAIROBI</PostalAddress>
                <PosCountry>KE</PosCountry>
                <TeleFax>0</TeleFax>
                <Email>bngumi@kentrade.go.ke</Email>
                <SectorofActivity>TRD</SectorofActivity>
            </CDImporter>
            <CDConsignee>
                <Name>RYCE E AFRICA LTD</Name>
                <TIN>P000591376W</TIN>
                <PhysicalAddress>49729 NAIROBI</PhysicalAddress>
                <PhyCountry>KE</PhyCountry>
                <PostalAddress>49729 NAIROBI</PostalAddress>
                <PosCountry>KE</PosCountry>
                <TeleFax>0</TeleFax>
                <Email>bngumi@kentrade.go.ke</Email>
                <SectorofActivity>TRD</SectorofActivity>
            </CDConsignee>
            <CDExporter>
                <Name>RYCE E AFRICA LTD</Name>
                <TIN>P000591376W</TIN>
                <PhysicalAddress>49729 NAIROBI</PhysicalAddress>
                <PhyCountry>KE</PhyCountry>
                <PostalAddress>49729 NAIROBI</PostalAddress>
                <PosCountry>KE</PosCountry>
                <TeleFax>0</TeleFax>
                <Email>bngumi@kentrade.go.ke</Email>
                <SectorofActivity>MFG</SectorofActivity>
                <WarehouseCode>AFRICOFF</WarehouseCode>
                <WarehouseLocation>NBI</WarehouseLocation>
            </CDExporter>
            <CDConsignor>
                <Name>RYCE E AFRICA LTD</Name>
                <TIN>P000591376W</TIN>
                <PhysicalAddress>49729 NAIROBI</PhysicalAddress>
                <PhyCountry>KE</PhyCountry>
                <PostalAddress>49729 NAIROBI</PostalAddress>
                <PosCountry>KE</PosCountry>
                <TeleFax>0</TeleFax>
                <Email>bngumi@kentrade.go.ke</Email>
                <SectorofActivity>TRD</SectorofActivity>
            </CDConsignor>
            <CDTransport>
                <ModeOfTransport>R</ModeOfTransport>
                <ModeOfTransportDesc>Road</ModeOfTransportDesc>
                <VesselName>Others</VesselName>
                <VoyageNo>1462</VoyageNo>
                <ShipmentDate>20171018</ShipmentDate>
                <PortOfArrival>KEMBA</PortOfArrival>
                <PortOfArrivalDesc>Mombasa</PortOfArrivalDesc>
                <CustomsOffice>BFT</CustomsOffice>
                <CustomsOfficeDesc>BOSS FREIGHTERS TERMINAL</CustomsOfficeDesc>
                <FreightStation>MLB</FreightStation>
                <FreightStationDesc>MALABA</FreightStationDesc>
                <CargoTypeIndicator>M</CargoTypeIndicator>
            </CDTransport>
            <PGAHeaderFields/>
            <CDHeaderOne>
                <ForeignCurrencyCode>KES</ForeignCurrencyCode>
                <ForexRate>1</ForexRate>
                <FOBFCY>500000.00</FOBFCY>
                <FreightFCY>0.00</FreightFCY>
                <InsuranceFCY>0.00</InsuranceFCY>
                <OtherChargesFCY>0.00</OtherChargesFCY>
                <CIFFCY>500000.00</CIFFCY>
                <FOBNCY>500000.00</FOBNCY>
                <FreightNCY>0.00</FreightNCY>
                <InsuranceNCY>0.00</InsuranceNCY>
                <OtherChargesNCY>0.00</OtherChargesNCY>
                <CIFNCY>500000.00</CIFNCY>
                <INCOTerms>CIF</INCOTerms>
                <TransactionTerms>16</TransactionTerms>
                <COMESA>N</COMESA>
                <InvoiceDate>20171018</InvoiceDate>
                <InvoiceNumber>1001959</InvoiceNumber>
                <CountryOfSupply>RW</CountryOfSupply>
            </CDHeaderOne>
            <CDStandardTwo>
                <PurposeOfImport>PURPSE2</PurposeOfImport>
                <ApplicantDefinedThirdPartyDetails>
                    <ThirdParties>
                        <ThirdPartyCode>rmutisoTP</ThirdPartyCode>
                        <ThirdPartyDescription>Rachael Third Party Account</ThirdPartyDescription>
                        <DistributionMethod>U</DistributionMethod>
                        <ThirdPartyAccount>rmutisotp2</ThirdPartyAccount>
                    </ThirdParties>
                </ApplicantDefinedThirdPartyDetails>
                <Attachments>
                    <AttachDocumentCode>AIDF</AttachDocumentCode>
                    <AttachDocumentCodeDesc>Approved IDF</AttachDocumentCodeDesc>
                    <AttachDocumentRefNo>E170123456</AttachDocumentRefNo>
                    <AttachDocumentInternalRefNo>CD201700KEBSPVOC0000024182_1_E170123456_5526.doc</AttachDocumentInternalRefNo>
                </Attachments>
            </CDStandardTwo>
            <CDProductDetails>
                <ItemDetails>
                    <ItemCount>1</ItemCount>
                    <CDProduct1>
                        <ItemNo>1</ItemNo>
                        <ItemDescription>EGG YOLKS</ItemDescription>
                        <ItemHSCode>9030900000</ItemHSCode>
                        <HSDescription>Parts/accessories of electrical... measuring... instruments of 90.30</HSDescription>
                        <Quantity>
                            <Qty>1432.0000</Qty>
                            <UnitOfQty>KG</UnitOfQty>
                        </Quantity>
                        <SupplementryQuantity>
                            <Qty>1.0000</Qty>
                            <UnitOfQty>B32</UnitOfQty>
                        </SupplementryQuantity>
                        <PackageType>CN</PackageType>
                        <PackageQty>10.00</PackageQty>
                        <ForeignCurrencyCode>KES</ForeignCurrencyCode>
                        <UnitPriceFCY>349.17</UnitPriceFCY>
                        <TotalPriceFCY>500000.00</TotalPriceFCY>
                        <UnitPriceNCY>349.17</UnitPriceNCY>
                        <CountryOfOrigin>AR</CountryOfOrigin>
                        <TotalPriceNCY>500000.00</TotalPriceNCY>
                        <ItemNetWeight>1000.0000</ItemNetWeight>
                        <ItemGrossWeight>1000.0000</ItemGrossWeight>
                    </CDProduct1>
                    <CDProduct2>
                        <ApplicantRemarks>ITEMS</ApplicantRemarks>
                    </CDProduct2>
                    <CDItemNonStandard/>
                </ItemDetails>
            </CDProductDetails>
        </ConsignmentDocDetails>
    </DocumentDetails>
    <DocumentSummary>
        <IssuedDateTime>18102017114006</IssuedDateTime>
        <SummaryPageUrl>https://trial.kenyatradenet.go.ke/keswsoga/SummaryPage.mda?ucr=UCR201700047682</SummaryPageUrl>
    </DocumentSummary>
</ConsignmentDocument>
