<?xml version="1.0" encoding="UTF-8" standalone="yes"?>
<ConsignmentDocument>
    <DocumentHeader>
        <DocumentReference>
            <DocumentType>CUSREG</DocumentType>
            <DocumentName>CONSIGNMENT DOCUMENT</DocumentName>
            <DocumentNumber>1019132147000</DocumentNumber>
            <CommonRefNumber>CD201700KEBSPVOC000002419701</CommonRefNumber>
            <MessageType>9</MessageType>
            <SenderID>eoga051</SenderID>
            <RegimeCode>C4</RegimeCode>
            <CMSRegimeCode>I</CMSRegimeCode>
            <ApprovalCategory>PRO</ApprovalCategory>
        </DocumentReference>
        <DocumentExchangeDetails>
            <ReceivingPartyDetails>
                <ReceivingParty>cust006</ReceivingParty>
            </ReceivingPartyDetails>
            <NotifyPartyDetails>
                <NotifyParty>NPM003</NotifyParty>
                <NotifyParty>NPM004</NotifyParty>
            </NotifyPartyDetails>
        </DocumentExchangeDetails>
    </DocumentHeader>
    <DocumentDetails>
        <ConsignmentDocDetails>
            <CDStandard>
                <ServiceProvider>
                    <ApplicationCode>RYC</ApplicationCode>
                    <Name>RYCE E AFRICA LTD</Name>
                    <TIN>P000591376W</TIN>
                    <PhysicalAddress>49729 NAIROBI</PhysicalAddress>
                    <PhyCountry>KE</PhyCountry>
                </ServiceProvider>
                <ApplicationTypeCode>CD</ApplicationTypeCode>
                <ApplicationTypeDescription>Consignment Document</ApplicationTypeDescription>
                <DocumentTypeCode>INR</DocumentTypeCode>
                <CMSDocumentTypeCode>R</CMSDocumentTypeCode>
                <DocumentTypeDescription>Inspection Report</DocumentTypeDescription>
                <ConsignmentTypeCode>C</ConsignmentTypeCode>
                <ConsignmentTypeDescription>Consignment</ConsignmentTypeDescription>
                <MDACode>KEBS</MDACode>
                <MDADescription>Kenya Bureau of Standards</MDADescription>
                <DocumentCode>PVOC</DocumentCode>
                <DocumentDescription>KEBS Inspection and Approval Document</DocumentDescription>
                <ProcessCode>PVOCPR</ProcessCode>
                <ProcessDescription>KEBS Inspection and Approval Process</ProcessDescription>
                <ApplicationDate>20171019</ApplicationDate>
                <UpdatedDate>201710191321</UpdatedDate>
                <ApprovalStatus>PC</ApprovalStatus>
                <ApprovalDate>20171019</ApprovalDate>
                <FinalApprovalDate>201710191321</FinalApprovalDate>
                <ApplicationRefNo>CD201700KEBSPVOC0000024197</ApplicationRefNo>
                <VersionNo>1</VersionNo>
                <UCRNumber>UCR201700047714</UCRNumber>
            </CDStandard>
            <CDImporter>
                <Name>iCMS testing PIN</Name>
                <TIN>P051332767F</TIN>
                <PhysicalAddress>222</PhysicalAddress>
                <PhyCountry>KE</PhyCountry>
                <PostalAddress>222</PostalAddress>
                <PosCountry>KE</PosCountry>
                <TeleFax>12345</TeleFax>
                <Email>grahab@gmail.com</Email>
            </CDImporter>
            <CDConsignee>
                <Name>iCMS testing PIN</Name>
                <TIN>P051332767F</TIN>
                <PhysicalAddress>222</PhysicalAddress>
                <PhyCountry>KE</PhyCountry>
                <PostalAddress>222</PostalAddress>
                <PosCountry>KE</PosCountry>
                <TeleFax>12345</TeleFax>
                <Email>grahab@gmail.com</Email>
                <SectorofActivity>TRD</SectorofActivity>
            </CDConsignee>
            <CDExporter>
                <Name>RYCE E AFRICA LTD</Name>
                <TIN>P000591376W</TIN>
                <PhysicalAddress>49729 JAPAN</PhysicalAddress>
                <PhyCountry>JP</PhyCountry>
                <PostalAddress>49729 JAPAN</PostalAddress>
                <PosCountry>JP</PosCountry>
                <TeleFax>1234</TeleFax>
                <Email>bngumi@kentrade.go.JP</Email>
                <SectorofActivity>MFG</SectorofActivity>
            </CDExporter>
            <CDConsignor>
                <Name>RYCE E AFRICA LTD</Name>
                <TIN>P000591376W</TIN>
                <PhysicalAddress>49729 JAPAN</PhysicalAddress>
                <PhyCountry>JP</PhyCountry>
                <PostalAddress>49729 JAPAN</PostalAddress>
                <PosCountry>JP</PosCountry>
                <TeleFax>1234</TeleFax>
                <Email>bngumi@kentrade.go.JP</Email>
                <SectorofActivity>MFG</SectorofActivity>
            </CDConsignor>
            <CDTransport>
                <ModeOfTransport>S</ModeOfTransport>
                <ModeOfTransportDesc>Sea</ModeOfTransportDesc>
                <PortOfArrival>KEMBA</PortOfArrival>
                <PortOfArrivalDesc>Mombasa</PortOfArrivalDesc>
                <CustomsOffice>IIL</CustomsOffice>
                <CustomsOfficeDesc>INTEPEL INVESTMENTS LTD</CustomsOfficeDesc>
                <FreightStation>IIL</FreightStation>
                <FreightStationDesc>INTERPEL INVESTMENTS LIMITED</FreightStationDesc>
                <CargoTypeIndicator>M</CargoTypeIndicator>
            </CDTransport>
            <PGAHeaderFields/>
            <CDHeaderOne>
                <ForeignCurrencyCode>USD</ForeignCurrencyCode>
                <ForexRate>103.199</ForexRate>
                <FOBFCY>2000.00</FOBFCY>
                <FreightFCY>0.00</FreightFCY>
                <InsuranceFCY>0.00</InsuranceFCY>
                <OtherChargesFCY>0.00</OtherChargesFCY>
                <CIFFCY>2000.00</CIFFCY>
                <FOBNCY>206398.00</FOBNCY>
                <FreightNCY>0.00</FreightNCY>
                <InsuranceNCY>0.00</InsuranceNCY>
                <OtherChargesNCY>0.00</OtherChargesNCY>
                <CIFNCY>206398.00</CIFNCY>
                <INCOTerms>FOB</INCOTerms>
                <COMESA>N</COMESA>
                <InvoiceDate>20171018</InvoiceDate>
                <InvoiceNumber>250</InvoiceNumber>
                <CountryOfSupply>JP</CountryOfSupply>
            </CDHeaderOne>
            <CDStandardTwo>
                <PurposeOfImport>PURPSE2</PurposeOfImport>
                <ApplicantDefinedThirdPartyDetails>
                    <ThirdParties>
                        <ThirdPartyCode>rmutisoTP</ThirdPartyCode>
                        <ThirdPartyDescription>Rachael Third Party Account</ThirdPartyDescription>
                        <DistributionMethod>U</DistributionMethod>
                        <ThirdPartyAccount>rmutisotp2</ThirdPartyAccount>
                    </ThirdParties>
                </ApplicantDefinedThirdPartyDetails>
                <Attachments>
                    <AttachDocumentCode>AIDF</AttachDocumentCode>
                    <AttachDocumentCodeDesc>Approved IDF</AttachDocumentCodeDesc>
                    <AttachDocumentRefNo>E171684232</AttachDocumentRefNo>
                    <AttachDocumentInternalRefNo>CD201700KEBSPVOC0000024197_1_E171684232_5543.docx</AttachDocumentInternalRefNo>
                </Attachments>
            </CDStandardTwo>
            <CDProductDetails>
                <ItemDetails>
                    <ItemCount>1</ItemCount>
                    <CDProduct1>
                        <ItemNo>1</ItemNo>
                        <ItemDescription>motor vehicles</ItemDescription>
                        <ItemHSCode>8702102015</ItemHSCode>
                        <HSDescription>Used motor vehicle diesel, 10-22 seater; age &gt;20yrs</HSDescription>
                        <Quantity>
                            <Qty>1.0000</Qty>
                            <UnitOfQty>KG</UnitOfQty>
                        </Quantity>
                        <PackageType>OT</PackageType>
                        <PackageQty>1.00</PackageQty>
                        <ForeignCurrencyCode>USD</ForeignCurrencyCode>
                        <UnitPriceFCY>2000.00</UnitPriceFCY>
                        <TotalPriceFCY>2000.00</TotalPriceFCY>
                        <UnitPriceNCY>206398.00</UnitPriceNCY>
                        <CountryOfOrigin>JP</CountryOfOrigin>
                        <TotalPriceNCY>206398.00</TotalPriceNCY>
                        <ItemNetWeight>1000.0000</ItemNetWeight>
                        <ItemGrossWeight>1005.0000</ItemGrossWeight>
                    </CDProduct1>
                    <CDProduct2>
                        <ApplicantRemarks>ok</ApplicantRemarks>
                    </CDProduct2>
                    <CDItemNonStandard>
                        <ChassisNo>ahtt0000g7654</ChassisNo>
                        <usedIndicator>Used</usedIndicator>
                        <vehicleYear>2010</vehicleYear>
                        <vehicleModel>8-RX 400h</vehicleModel>
                        <vehicleMake>24-Lexus</vehicleMake>
                    </CDItemNonStandard>
                </ItemDetails>
            </CDProductDetails>
        </ConsignmentDocDetails>
    </DocumentDetails>
    <DocumentSummary>
        <IssuedDateTime>19102017132019</IssuedDateTime>
        <SummaryPageUrl>https://trial.kenyatradenet.go.ke/keswsoga/SummaryPage.mda?ucr=UCR201700047714</SummaryPageUrl>
    </DocumentSummary>
</ConsignmentDocument>
