<?xml version="1.0" encoding="UTF-8" standalone="yes"?>
<ConsignmentDocument>
    <DocumentHeader>
        <DocumentReference>
            <DocumentType>CUSREG</DocumentType>
            <DocumentName>CONSIGNMENT DOCUMENT</DocumentName>
            <DocumentNumber>1018115243000</DocumentNumber>
            <CommonRefNumber>CD201700KEBSPVOC000002418701</CommonRefNumber>
            <MessageType>9</MessageType>
            <SenderID>eoga051</SenderID>
            <RegimeCode>C4</RegimeCode>
            <CMSRegimeCode>I</CMSRegimeCode>
            <ApprovalCategory>PRO</ApprovalCategory>
        </DocumentReference>
        <DocumentExchangeDetails>
            <ReceivingPartyDetails>
                <ReceivingParty>cust006</ReceivingParty>
            </ReceivingPartyDetails>
            <NotifyPartyDetails>
                <NotifyParty>NPM003</NotifyParty>
                <NotifyParty>NPM004</NotifyParty>
            </NotifyPartyDetails>
        </DocumentExchangeDetails>
    </DocumentHeader>
    <DocumentDetails>
        <ConsignmentDocDetails>
            <CDStandard>
                <ServiceProvider>
                    <ApplicationCode>RYC</ApplicationCode>
                    <Name>RYCE E AFRICA LTD</Name>
                    <TIN>P000591376W</TIN>
                    <PhysicalAddress>49729 NAIROBI</PhysicalAddress>
                    <PhyCountry>KE</PhyCountry>
                </ServiceProvider>
                <ApplicationTypeCode>CD</ApplicationTypeCode>
                <ApplicationTypeDescription>Consignment Document</ApplicationTypeDescription>
                <DocumentTypeCode>INR</DocumentTypeCode>
                <CMSDocumentTypeCode>R</CMSDocumentTypeCode>
                <DocumentTypeDescription>Inspection Report</DocumentTypeDescription>
                <ConsignmentTypeCode>C</ConsignmentTypeCode>
                <ConsignmentTypeDescription>Consignment</ConsignmentTypeDescription>
                <MDACode>KEBS</MDACode>
                <MDADescription>Kenya Bureau of Standards</MDADescription>
                <DocumentCode>PVOC</DocumentCode>
                <DocumentDescription>KEBS Inspection and Approval Document</DocumentDescription>
                <ProcessCode>PVOCPR</ProcessCode>
                <ProcessDescription>KEBS Inspection and Approval Process</ProcessDescription>
                <ApplicationDate>20171018</ApplicationDate>
                <UpdatedDate>201710181152</UpdatedDate>
                <ApprovalStatus>PC</ApprovalStatus>
                <ApprovalDate>20171018</ApprovalDate>
                <FinalApprovalDate>201710181152</FinalApprovalDate>
                <ApplicationRefNo>CD201700KEBSPVOC0000024187</ApplicationRefNo>
                <VersionNo>1</VersionNo>
                <UCRNumber>UCR201700047685</UCRNumber>
            </CDStandard>
            <CDImporter>
                <Name>RYCE E AFRICA LTD</Name>
                <TIN>P000591376W</TIN>
                <PhysicalAddress>49729 NAIROBI</PhysicalAddress>
                <PhyCountry>KE</PhyCountry>
                <PostalAddress>49729 NAIROBI</PostalAddress>
                <PosCountry>KE</PosCountry>
                <TeleFax>0</TeleFax>
                <Email>bngumi@kentrade.go.ke</Email>
                <SectorofActivity>RET</SectorofActivity>
            </CDImporter>
            <CDConsignee>
                <Name>RYCE E AFRICA LTD</Name>
                <TIN>P000591376W</TIN>
                <PhysicalAddress>49729 NAIROBI</PhysicalAddress>
                <PhyCountry>KE</PhyCountry>
                <PostalAddress>49729 NAIROBI</PostalAddress>
                <PosCountry>KE</PosCountry>
                <TeleFax>0</TeleFax>
                <Email>bngumi@kentrade.go.ke</Email>
                <SectorofActivity>RET</SectorofActivity>
            </CDConsignee>
            <CDExporter>
                <Name>RYCE E AFRICA LTD</Name>
                <TIN>P000591376W</TIN>
                <PhysicalAddress>49729 NAIROBI</PhysicalAddress>
                <PhyCountry>KE</PhyCountry>
                <PostalAddress>49729 NAIROBI</PostalAddress>
                <PosCountry>KE</PosCountry>
                <TeleFax>0</TeleFax>
                <Email>bngumi@kentrade.go.ke</Email>
                <SectorofActivity>RET</SectorofActivity>
            </CDExporter>
            <CDConsignor>
                <Name>RYCE E AFRICA LTD</Name>
                <TIN>P000591376W</TIN>
                <PhysicalAddress>49729 NAIROBI</PhysicalAddress>
                <PhyCountry>KE</PhyCountry>
                <PostalAddress>49729 NAIROBI</PostalAddress>
                <PosCountry>KE</PosCountry>
                <TeleFax>0</TeleFax>
                <Email>bngumi@kentrade.go.ke</Email>
                <SectorofActivity>RET</SectorofActivity>
            </CDConsignor>
            <CDTransport>
                <ModeOfTransport>R</ModeOfTransport>
                <ModeOfTransportDesc>Road</ModeOfTransportDesc>
                <PortOfArrival>BSA</PortOfArrival>
                <PortOfArrivalDesc>Bossaso</PortOfArrivalDesc>
                <PortOfDeparture>KPL</PortOfDeparture>
                <PortOfDepartureDesc>Kapal</PortOfDepartureDesc>
                <CustomsOffice>BSA</CustomsOffice>
                <CustomsOfficeDesc>BUSIA</CustomsOfficeDesc>
                <FreightStation>BSA</FreightStation>
                <FreightStationDesc>BUSIA</FreightStationDesc>
                <CargoTypeIndicator>G</CargoTypeIndicator>
            </CDTransport>
            <PGAHeaderFields/>
            <CDHeaderOne>
                <ForeignCurrencyCode>KES</ForeignCurrencyCode>
                <ForexRate>1</ForexRate>
                <FOBFCY>50000.00</FOBFCY>
                <FreightFCY>0.00</FreightFCY>
                <InsuranceFCY>0.00</InsuranceFCY>
                <OtherChargesFCY>0.00</OtherChargesFCY>
                <CIFFCY>50000.00</CIFFCY>
                <FOBNCY>50000.00</FOBNCY>
                <FreightNCY>0.00</FreightNCY>
                <InsuranceNCY>0.00</InsuranceNCY>
                <OtherChargesNCY>0.00</OtherChargesNCY>
                <CIFNCY>50000.00</CIFNCY>
                <INCOTerms>CIF</INCOTerms>
                <TransactionTerms>16</TransactionTerms>
                <COMESA>N</COMESA>
                <InvoiceDate>20171018</InvoiceDate>
                <InvoiceNumber>1234</InvoiceNumber>
                <CountryOfSupply>CN</CountryOfSupply>
            </CDHeaderOne>
            <CDStandardTwo>
                <ApplicantRemarks>OK</ApplicantRemarks>
                <PurposeOfImport>PURPSE2</PurposeOfImport>
                <ApplicantDefinedThirdPartyDetails>
                    <ThirdParties>
                        <ThirdPartyCode>rmutisoTP</ThirdPartyCode>
                        <ThirdPartyDescription>Rachael Third Party Account</ThirdPartyDescription>
                        <DistributionMethod>U</DistributionMethod>
                        <ThirdPartyAccount>rmutisotp2</ThirdPartyAccount>
                    </ThirdParties>
                </ApplicantDefinedThirdPartyDetails>
                <Attachments>
                    <AttachDocumentCode>AIDF</AttachDocumentCode>
                    <AttachDocumentCodeDesc>Approved IDF</AttachDocumentCodeDesc>
                    <AttachDocumentRefNo>E170566422</AttachDocumentRefNo>
                    <AttachDocumentInternalRefNo>CD201700KEBSPVOC0000024187_1_E170566422_5529.docx</AttachDocumentInternalRefNo>
                </Attachments>
            </CDStandardTwo>
            <CDProductDetails>
                <ItemDetails>
                    <ItemCount>1</ItemCount>
                    <CDProduct1>
                        <ItemNo>1</ItemNo>
                        <ItemDescription>MAIZE</ItemDescription>
                        <ItemHSCode>1005900000</ItemHSCode>
                        <HSDescription>Other maize (corn).</HSDescription>
                        <Quantity>
                            <Qty>5000.0000</Qty>
                            <UnitOfQty>KG</UnitOfQty>
                        </Quantity>
                        <SupplementryQuantity>
                            <Qty>500.0000</Qty>
                            <UnitOfQty>KG</UnitOfQty>
                        </SupplementryQuantity>
                        <PackageType>BG</PackageType>
                        <PackageQty>50.00</PackageQty>
                        <ForeignCurrencyCode>KES</ForeignCurrencyCode>
                        <UnitPriceFCY>10.00</UnitPriceFCY>
                        <TotalPriceFCY>50000.00</TotalPriceFCY>
                        <UnitPriceNCY>10.00</UnitPriceNCY>
                        <CountryOfOrigin>CN</CountryOfOrigin>
                        <TotalPriceNCY>50000.00</TotalPriceNCY>
                        <ItemNetWeight>200.0000</ItemNetWeight>
                        <ItemGrossWeight>230.0000</ItemGrossWeight>
                    </CDProduct1>
                    <CDProduct2>
                        <ApplicantRemarks>OK</ApplicantRemarks>
                    </CDProduct2>
                    <CDItemNonStandard/>
                </ItemDetails>
            </CDProductDetails>
        </ConsignmentDocDetails>
    </DocumentDetails>
    <DocumentSummary>
        <IssuedDateTime>18102017115018</IssuedDateTime>
        <SummaryPageUrl>https://trial.kenyatradenet.go.ke/keswsoga/SummaryPage.mda?ucr=UCR201700047685</SummaryPageUrl>
    </DocumentSummary>
</ConsignmentDocument>
